Week,Campaign,Channel,Category,Season,Spend,Clicks,Impressions,Conversions,ConversionValue,CTR,CPC,ConvRate,CPA,ROAS,Profit,AnalysisStartDate,AnalysisEndDate
2025-12-29/2026-01-04,Demo Campaign 020,Demo Channel 003,Demo Category 010,Winter,789.53463,79,31985,0.0,0.0,0.0024699077692668,9.99410924050633,0.0,0.0,0.0,-789.53463,2026-01-01,2026-01-31
2025-12-29/2026-01-04,Demo Campaign 020,Demo Channel 003,Demo Category 012,Winter,1345.650569,139,51375,0.0,0.0,0.0027055961070559,9.68093934532374,0.0,0.0,0.0,-1345.650569,2026-01-01,2026-01-31
2025-12-29/2026-01-04,Demo Campaign 007,Demo Channel 001,Demo Category 004,Winter,324.14137500000004,94,285,2.20331,3936.722905913,0.3298245614035088,3.448312500000001,0.0234394680851063,147.11564645919097,12.145079923576551,3612.581530913,2026-01-01,2026-01-31
2025-12-29/2026-01-04,Demo Campaign 007,Demo Channel 001,Demo Category 003,Winter,355.697299,80,310,3.0,7019.46,0.2580645161290322,4.4462162375,0.0375,118.56576633333331,19.73436407792346,6663.762701,2026-01-01,2026-01-31
2025-12-29/2026-01-04,Demo Campaign 007,Demo Channel 001,Demo Category 014,Winter,4256.663846,1070,4514,26.5,66531.599982504,0.2370403190075321,3.978190510280373,0.0247663551401869,160.62882437735848,15.62998686049028,62274.93613650401,2026-01-01,2026-01-31
2025-12-29/2026-01-04,Demo Campaign 007,Demo Channel 001,Demo Category 005,Winter,625.88144,132,510,0.09694,170.595012,0.2588235294117647,4.741526060606061,0.0007343939393939,6456.379616257479,0.2725676160008835,-455.286428,2026-01-01,2026-01-31
2025-12-29/2026-01-04,Demo Campaign 007,Demo Channel 001,Demo Category 015,Winter,1575.085743,278,1181,0.25,566.699991252,0.235393734123624,5.665776053956835,0.0008992805755395,6300.342972,0.3597899312913786,-1008.385751748,2026-01-01,2026-01-31
2025-12-29/2026-01-04,Demo Campaign 001,Demo Channel 001,Demo Category 004,Winter,89.613096,19,65,0.0,0.0,0.2923076923076923,4.716478736842105,0.0,0.0,0.0,-89.613096,2026-01-01,2026-01-31
2025-12-29/2026-01-04,Demo Campaign 001,Demo Channel 001,Demo Category 003,Winter,95.488974,26,82,0.0,0.0,0.3170731707317073,3.672652846153846,0.0,0.0,0.0,-95.488974,2026-01-01,2026-01-31
2025-12-29/2026-01-04,Demo Campaign 001,Demo Channel 001,Demo Category 005,Winter,16.71,3,41,0.0,0.0,0.073170731707317,5.57,0.0,0.0,0.0,-16.71,2026-01-01,2026-01-31
2025-12-29/2026-01-04,Demo Campaign 001,Demo Channel 001,Demo Category 001,Winter,968.392866,232,634,3.0,4606.4,0.3659305993690852,4.174107181034483,0.0129310344827586,322.797622,4.756747144397076,3638.007134,2026-01-01,2026-01-31
2025-12-29/2026-01-04,Demo Campaign 014,Demo Channel 001,Demo Category 023,Winter,446.987809,77,715,0.0,0.0,0.1076923076923077,5.8050364805194805,0.0,0.0,0.0,-446.987809,2026-01-01,2026-01-31
2025-12-29/2026-01-04,Demo Campaign 014,Demo Channel 001,Demo Category 007,Winter,360.29631,69,553,0.0,0.0,0.1247739602169981,5.221685652173913,0.0,0.0,0.0,-360.29631,2026-01-01,2026-01-31
2025-12-29/2026-01-04,Demo Campaign 012,Demo Channel 001,Demo Category 004,Winter,10.81,1,5,0.0,0.0,0.2,10.81,0.0,0.0,0.0,-10.81,2026-01-01,2026-01-31
2025-12-29/2026-01-04,Demo Campaign 012,Demo Channel 001,Demo Category 003,Winter,25.502257,10,37,0.0,0.0,0.2702702702702703,2.5502257,0.0,0.0,0.0,-25.502257,2026-01-01,2026-01-31
2025-12-29/2026-01-04,Demo Campaign 012,Demo Channel 001,Demo Category 014,Winter,114.532846,21,122,0.0,0.0,0.1721311475409836,5.453945047619047,0.0,0.0,0.0,-114.532846,2026-01-01,2026-01-31
2025-12-29/2026-01-04,Demo Campaign 012,Demo Channel 001,Demo Category 005,Winter,72.23,7,24,0.0,0.0,0.2916666666666667,10.31857142857143,0.0,0.0,0.0,-72.23,2026-01-01,2026-01-31
2025-12-29/2026-01-04,Demo Campaign 012,Demo Channel 001,Demo Category 015,Winter,13.26,3,40,0.0,0.0,0.075,4.42,0.0,0.0,0.0,-13.26,2026-01-01,2026-01-31
2025-12-29/2026-01-04,Demo Campaign 012,Demo Channel 001,Demo Category 001,Winter,0.0,0,1,0.0,0.0,0.0,0.0,0.0,0.0,0.0,0.0,2026-01-01,2026-01-31
2025-12-29/2026-01-04,Demo Campaign 009,Demo Channel 001,Demo Category 014,Winter,432.401012,44,232,0.0,0.0,0.1896551724137931,9.827295727272729,0.0,0.0,0.0,-432.401012,2026-01-01,2026-01-31
2025-12-29/2026-01-04,Demo Campaign 009,Demo Channel 001,Demo Category 005,Winter,207.068891,34,122,0.0,0.0,0.2786885245901639,6.0902615,0.0,0.0,0.0,-207.068891,2026-01-01,2026-01-31
2025-12-29/2026-01-04,Demo Campaign 009,Demo Channel 001,Demo Category 015,Winter,138.487861,17,97,0.187158,561.44218314,0.1752577319587628,8.146344764705884,0.011009294117647,739.9515970463459,4.054089499873205,422.95432214,2026-01-01,2026-01-31
2025-12-29/2026-01-04,Demo Campaign 006,Demo Channel 001,Demo Category 004,Winter,52.23,6,19,0.0,0.0,0.3157894736842105,8.705,0.0,0.0,0.0,-52.23,2026-01-01,2026-01-31
2025-12-29/2026-01-04,Demo Campaign 006,Demo Channel 001,Demo Category 003,Winter,150.038019,23,100,0.25,566.699991252,0.23,6.523392130434782,0.0108695652173913,600.152076,3.7770426124594474,416.66197225200006,2026-01-01,2026-01-31
2025-12-29/2026-01-04,Demo Campaign 006,Demo Channel 001,Demo Category 014,Winter,257.040163,64,358,0.0,0.0,0.1787709497206704,4.016252546875,0.0,0.0,0.0,-257.040163,2026-01-01,2026-01-31
2025-12-29/2026-01-04,Demo Campaign 006,Demo Channel 001,Demo Category 005,Winter,64.093049,16,99,0.0,0.0,0.1616161616161616,4.0058155625,0.0,0.0,0.0,-64.093049,2026-01-01,2026-01-31
2025-12-29/2026-01-04,Demo Campaign 006,Demo Channel 001,Demo Category 015,Winter,227.71,31,195,0.16984,147.7166416,0.1589743589743589,7.345483870967741,0.0054787096774193,1340.732454074423,0.6487051143998946,-79.99335839999998,2026-01-01,2026-01-31
2025-12-29/2026-01-04,Demo Campaign 006,Demo Channel 001,Demo Category 001,Winter,22.16,1,2,0.0,0.0,0.5,22.16,0.0,0.0,0.0,-22.16,2026-01-01,2026-01-31
2025-12-29/2026-01-04,Demo Campaign 010,Demo Channel 001,Demo Category 003,Winter,7.6,1,7,0.0,0.0,0.1428571428571428,7.6,0.0,0.0,0.0,-7.6,2026-01-01,2026-01-31
2025-12-29/2026-01-04,Demo Campaign 010,Demo Channel 001,Demo Category 014,Winter,94.864004,24,89,0.0,0.0,0.2696629213483146,3.952666833333333,0.0,0.0,0.0,-94.864004,2026-01-01,2026-01-31
2025-12-29/2026-01-04,Demo Campaign 010,Demo Channel 001,Demo Category 005,Winter,1080.829153,172,1228,2.898716,6350.5184168,0.1400651465798045,6.283890424418606,0.016853,372.8647970342732,5.875598746733656,5269.689263799999,2026-01-01,2026-01-31
2025-12-29/2026-01-04,Demo Campaign 010,Demo Channel 001,Demo Category 001,Winter,12.24,2,5,0.0,0.0,0.4,6.12,0.0,0.0,0.0,-12.24,2026-01-01,2026-01-31
2025-12-29/2026-01-04,Demo Campaign 003,Demo Channel 001,Demo Category 013,Winter,6986.788046,6188,15575,177.189413,441258.955030765,0.3973033707865168,1.1290866266968325,0.0286343589204912,39.431182302071285,63.15619596953278,434272.166984765,2026-01-01,2026-01-31
2025-12-29/2026-01-04,Demo Campaign 003,Demo Channel 001,Demo Category 017,Winter,121.69,70,683,2.0,6519.66,0.1024890190336749,1.7384285714285714,0.0285714285714285,60.845,53.57597173144876,6397.97,2026-01-01,2026-01-31
2025-12-29/2026-01-04,Demo Campaign 003,Demo Channel 001,Demo Category 031,Winter,55.04842,29,422,0.0,0.0,0.0687203791469194,1.8982213793103448,0.0,0.0,0.0,-55.04842,2026-01-01,2026-01-31
2025-12-29/2026-01-04,Demo Campaign 003,Demo Channel 001,Demo Category 002,Winter,281.336196,188,572,4.11346,9046.564654,0.3286713286713286,1.4964691276595743,0.0218801063829787,68.39405172288049,32.15570830423825,8765.228458,2026-01-01,2026-01-31
2025-12-29/2026-01-04,Demo Campaign 013,Demo Channel 001,Demo Category 024,Winter,0.0,0,4,0.0,0.0,0.0,0.0,0.0,0.0,0.0,0.0,2026-01-01,2026-01-31
2025-12-29/2026-01-04,Demo Campaign 013,Demo Channel 001,Demo Category 021,Winter,1.96,1,12,0.0,0.0,0.0833333333333333,1.96,0.0,0.0,0.0,-1.96,2026-01-01,2026-01-31
2025-12-29/2026-01-04,Demo Campaign 013,Demo Channel 001,Demo Category 030,Winter,0.0,0,1,0.0,0.0,0.0,0.0,0.0,0.0,0.0,0.0,2026-01-01,2026-01-31
2025-12-29/2026-01-04,Demo Campaign 013,Demo Channel 001,Demo Category 006,Winter,0.0,0,5,0.0,0.0,0.0,0.0,0.0,0.0,0.0,0.0,2026-01-01,2026-01-31
2025-12-29/2026-01-04,Demo Campaign 013,Demo Channel 001,Demo Category 032,Winter,0.0,0,2,0.0,0.0,0.0,0.0,0.0,0.0,0.0,0.0,2026-01-01,2026-01-31
2025-12-29/2026-01-04,Demo Campaign 008,Demo Channel 001,Demo Category 004,Winter,343.043845,86,991,6.518544,14033.8339712,0.0867810292633703,3.9888819186046502,0.0757970232558139,52.6258386842215,40.90973843649636,13690.7901262,2026-01-01,2026-01-31
2025-12-29/2026-01-04,Demo Campaign 008,Demo Channel 001,Demo Category 003,Winter,241.306428,53,974,2.0,4519.46,0.0544147843942505,4.552951471698113,0.0377358490566037,120.653214,18.729132238449942,4278.153572,2026-01-01,2026-01-31
2025-12-29/2026-01-04,Demo Campaign 008,Demo Channel 001,Demo Category 005,Winter,320.425943,65,1184,0.0,0.0,0.0548986486486486,4.929629892307692,0.0,0.0,0.0,-320.425943,2026-01-01,2026-01-31
2025-12-29/2026-01-04,Demo Campaign 008,Demo Channel 001,Demo Category 015,Winter,978.85919,203,3385,1.0,2539.84,0.059970457902511,4.821966453201971,0.0049261083743842,978.85919,2.594693931412137,1560.98081,2026-01-01,2026-01-31
2025-12-29/2026-01-04,Demo Campaign 008,Demo Channel 001,Demo Category 001,Winter,139.343892,30,229,1.0,499.9,0.131004366812227,4.644796400000001,0.0333333333333333,139.343892,3.587527180595759,360.556108,2026-01-01,2026-01-31
2025-12-29/2026-01-04,Demo Campaign 002,Demo Channel 001,Demo Category 023,Winter,0.0,0,3,0.0,0.0,0.0,0.0,0.0,0.0,0.0,0.0,2026-01-01,2026-01-31
2025-12-29/2026-01-04,Demo Campaign 002,Demo Channel 001,Demo Category 004,Winter,236.449426,38,279,2.0,2133.6,0.1362007168458781,6.222353315789474,0.0526315789473684,118.224713,9.023494098057146,1897.150574,2026-01-01,2026-01-31
2025-12-29/2026-01-04,Demo Campaign 002,Demo Channel 001,Demo Category 003,Winter,4.41,1,3,0.0,0.0,0.3333333333333333,4.41,0.0,0.0,0.0,-4.41,2026-01-01,2026-01-31
2025-12-29/2026-01-04,Demo Campaign 002,Demo Channel 001,Demo Category 005,Winter,4.61,1,14,0.0,0.0,0.0714285714285714,4.61,0.0,0.0,0.0,-4.61,2026-01-01,2026-01-31
2025-12-29/2026-01-04,Demo Campaign 002,Demo Channel 001,Demo Category 001,Winter,756.248201,131,787,2.864826,5471.1103948,0.1664548919949174,5.772887030534351,0.0218689007633587,263.9770097730194,7.234543351726929,4714.8621938,2026-01-01,2026-01-31
2025-12-29/2026-01-04,Demo Campaign 015,Demo Channel 001,Demo Category 016,Winter,832.287734,65,519,4.127198,5452.3666284,0.1252408477842004,12.804426676923075,0.0634953538461538,201.65926955769996,6.551059694458984,4620.0788944,2026-01-01,2026-01-31
2025-12-29/2026-01-04,Demo Campaign 015,Demo Channel 001,Demo Category 008,Winter,166.08310600000002,14,314,0.0,0.0,0.0445859872611464,11.863079,0.0,0.0,0.0,-166.08310600000002,2026-01-01,2026-01-31
2025-12-29/2026-01-04,Demo Campaign 005,Demo Channel 001,Demo Category 004,Winter,41.400000000000006,13,266,0.0,0.0,0.0488721804511278,3.184615384615385,0.0,0.0,0.0,-41.400000000000006,2026-01-01,2026-01-31
2025-12-29/2026-01-04,Demo Campaign 005,Demo Channel 001,Demo Category 003,Winter,1.31,1,31,0.0,0.0,0.032258064516129,1.31,0.0,0.0,0.0,-1.31,2026-01-01,2026-01-31
2025-12-29/2026-01-04,Demo Campaign 005,Demo Channel 001,Demo Category 014,Winter,23.21,6,184,0.0,0.0,0.0326086956521739,3.8683333333333336,0.0,0.0,0.0,-23.21,2026-01-01,2026-01-31
2025-12-29/2026-01-04,Demo Campaign 005,Demo Channel 001,Demo Category 005,Winter,3.65,1,14,0.0,0.0,0.0714285714285714,3.65,0.0,0.0,0.0,-3.65,2026-01-01,2026-01-31
2025-12-29/2026-01-04,Demo Campaign 005,Demo Channel 001,Demo Category 015,Winter,31.29,5,163,1.0,1829.82,0.0306748466257668,6.258,0.2,31.29,58.47938638542665,1798.53,2026-01-01,2026-01-31
2025-12-29/2026-01-04,Demo Campaign 005,Demo Channel 001,Demo Category 001,Winter,0.0,0,2,0.0,0.0,0.0,0.0,0.0,0.0,0.0,0.0,2026-01-01,2026-01-31
2025-12-29/2026-01-04,Demo Campaign 011,Demo Channel 001,Demo Category 004,Winter,3.61,2,6,0.0,0.0,0.3333333333333333,1.805,0.0,0.0,0.0,-3.61,2026-01-01,2026-01-31
2025-12-29/2026-01-04,Demo Campaign 004,Demo Channel 001,Demo Category 004,Winter,84.71668700000001,12,258,0.0,0.0,0.0465116279069767,7.059723916666667,0.0,0.0,0.0,-84.71668700000001,2026-01-01,2026-01-31
2025-12-29/2026-01-04,Demo Campaign 004,Demo Channel 001,Demo Category 003,Winter,238.98,38,768,0.0,0.0,0.0494791666666666,6.288947368421052,0.0,0.0,0.0,-238.98,2026-01-01,2026-01-31
2025-12-29/2026-01-04,Demo Campaign 004,Demo Channel 001,Demo Category 005,Winter,222.212579,37,723,0.0,0.0,0.0511756569847856,6.0057453783783785,0.0,0.0,0.0,-222.212579,2026-01-01,2026-01-31
2025-12-29/2026-01-04,Demo Campaign 004,Demo Channel 001,Demo Category 015,Winter,341.486361,45,1424,0.0,0.0,0.0316011235955056,7.5885858,0.0,0.0,0.0,-341.486361,2026-01-01,2026-01-31
2025-12-29/2026-01-04,Demo Campaign 004,Demo Channel 001,Demo Category 001,Winter,0.0,0,13,0.0,0.0,0.0,0.0,0.0,0.0,0.0,0.0,2026-01-01,2026-01-31
2025-12-29/2026-01-04,Demo Campaign 016,Demo Channel 001,Demo Category 018,Winter,6.068824,5,69,0.0,0.0,0.072463768115942,1.2137648,0.0,0.0,0.0,-6.068824,2026-01-01,2026-01-31
2025-12-29/2026-01-04,Demo Campaign 016,Demo Channel 001,Demo Category 027,Winter,0.0,0,23,0.0,0.0,0.0,0.0,0.0,0.0,0.0,0.0,2026-01-01,2026-01-31
2025-12-29/2026-01-04,Demo Campaign 016,Demo Channel 001,Demo Category 009,Winter,0.0,0,49,0.0,0.0,0.0,0.0,0.0,0.0,0.0,0.0,2026-01-01,2026-01-31
2025-12-29/2026-01-04,Demo Campaign 017,Demo Channel 002,Demo Category 010,Winter,865.433436,606,81391,0.0,0.0,0.0074455406617439,1.42810798019802,0.0,0.0,0.0,-865.433436,2026-01-01,2026-01-31
2025-12-29/2026-01-04,Demo Campaign 018,Demo Channel 002,Demo Category 011,Winter,830.777552,894,56424,0.0,0.0,0.0158443215652913,0.9292813780760628,0.0,0.0,0.0,-830.777552,2026-01-01,2026-01-31
2025-12-29/2026-01-04,Demo Campaign 019,Demo Channel 002,Demo Category 012,Winter,884.422828,340,9851,0.0,0.0,0.0345142625114201,2.6012436117647058,0.0,0.0,0.0,-884.422828,2026-01-01,2026-01-31
2026-01-05/2026-01-11,Demo Campaign 020,Demo Channel 003,Demo Category 010,Winter,440.415896,53,19798,0.0,0.0,0.002677038084655,8.309733886792452,0.0,0.0,0.0,-440.415896,2026-01-01,2026-01-31
2026-01-05/2026-01-11,Demo Campaign 020,Demo Channel 003,Demo Category 012,Winter,790.7610999999999,97,38876,0.0,0.0,0.0024951126659121,8.152176288659794,0.0,0.0,0.0,-790.7610999999999,2026-01-01,2026-01-31
2026-01-05/2026-01-11,Demo Campaign 007,Demo Channel 001,Demo Category 004,Winter,594.976291,135,504,0.0,0.0,0.2678571428571428,4.407231785185185,0.0,0.0,0.0,-594.976291,2026-01-01,2026-01-31
2026-01-05/2026-01-11,Demo Campaign 007,Demo Channel 001,Demo Category 003,Winter,826.307709,185,563,3.872802,6127.96333277,0.3285968028419183,4.466528156756757,0.0209340648648648,213.36172337238,7.416079102282707,5301.655623770001,2026-01-01,2026-01-31
2026-01-05/2026-01-11,Demo Campaign 007,Demo Channel 001,Demo Category 014,Winter,5596.192505,1340,5450,25.085075,58549.808763582,0.2458715596330275,4.176263063432836,0.0187202052238806,223.08852993263923,10.462436506833855,52953.616258582,2026-01-01,2026-01-31
2026-01-05/2026-01-11,Demo Campaign 007,Demo Channel 001,Demo Category 005,Winter,962.926242,204,756,2.0,6279.66,0.2698412698412698,4.720226676470588,0.0098039215686274,481.463121,6.521434068467312,5316.733758,2026-01-01,2026-01-31
2026-01-05/2026-01-11,Demo Campaign 007,Demo Channel 001,Demo Category 015,Winter,2102.206968,358,1746,6.898716,18485.06887881,0.2050400916380297,5.872086502793296,0.019270156424581,304.72438175451776,8.793172680041275,16382.86191081,2026-01-01,2026-01-31
2026-01-05/2026-01-11,Demo Campaign 001,Demo Channel 001,Demo Category 004,Winter,38.616612,16,43,0.0,0.0,0.3720930232558139,2.41353825,0.0,0.0,0.0,-38.616612,2026-01-01,2026-01-31
2026-01-05/2026-01-11,Demo Campaign 001,Demo Channel 001,Demo Category 003,Winter,104.801333,39,93,0.0,0.0,0.4193548387096774,2.6872136666666666,0.0,0.0,0.0,-104.801333,2026-01-01,2026-01-31
2026-01-05/2026-01-11,Demo Campaign 001,Demo Channel 001,Demo Category 005,Winter,10.96,4,14,0.0,0.0,0.2857142857142857,2.74,0.0,0.0,0.0,-10.96,2026-01-01,2026-01-31
2026-01-05/2026-01-11,Demo Campaign 001,Demo Channel 001,Demo Category 001,Winter,1114.577549,403,1061,6.0,10130.26,0.3798303487276154,2.765701114143921,0.0148883374689826,185.76292483333336,9.088878570260883,9015.682451,2026-01-01,2026-01-31
2026-01-05/2026-01-11,Demo Campaign 014,Demo Channel 001,Demo Category 023,Winter,424.221341,83,750,0.0,0.0,0.1106666666666666,5.111100493975903,0.0,0.0,0.0,-424.221341,2026-01-01,2026-01-31
2026-01-05/2026-01-11,Demo Campaign 014,Demo Channel 001,Demo Category 007,Winter,450.657564,99,684,0.0,0.0,0.1447368421052631,4.552096606060606,0.0,0.0,0.0,-450.657564,2026-01-01,2026-01-31
2026-01-05/2026-01-11,Demo Campaign 012,Demo Channel 001,Demo Category 004,Winter,10.08,2,8,0.0,0.0,0.25,5.04,0.0,0.0,0.0,-10.08,2026-01-01,2026-01-31
2026-01-05/2026-01-11,Demo Campaign 012,Demo Channel 001,Demo Category 003,Winter,37.140836,10,56,0.0,0.0,0.1785714285714285,3.7140836,0.0,0.0,0.0,-37.140836,2026-01-01,2026-01-31
2026-01-05/2026-01-11,Demo Campaign 012,Demo Channel 001,Demo Category 014,Winter,356.61834,49,224,0.0,0.0,0.21875,7.277925306122449,0.0,0.0,0.0,-356.61834,2026-01-01,2026-01-31
2026-01-05/2026-01-11,Demo Campaign 012,Demo Channel 001,Demo Category 005,Winter,69.204145,16,74,0.0,0.0,0.2162162162162162,4.3252590625,0.0,0.0,0.0,-69.204145,2026-01-01,2026-01-31
2026-01-05/2026-01-11,Demo Campaign 012,Demo Channel 001,Demo Category 015,Winter,234.211842,17,99,1.0,1899.9,0.1717171717171717,13.77716717647059,0.0588235294117647,234.211842,8.11188701551649,1665.6881580000002,2026-01-01,2026-01-31
2026-01-05/2026-01-11,Demo Campaign 009,Demo Channel 001,Demo Category 014,Winter,831.399703,75,522,0.0,0.0,0.1436781609195402,11.085329373333334,0.0,0.0,0.0,-831.399703,2026-01-01,2026-01-31
2026-01-05/2026-01-11,Demo Campaign 009,Demo Channel 001,Demo Category 005,Winter,449.49098,42,194,0.0,0.0,0.2164948453608247,10.702166190476191,0.0,0.0,0.0,-449.49098,2026-01-01,2026-01-31
2026-01-05/2026-01-11,Demo Campaign 009,Demo Channel 001,Demo Category 015,Winter,355.68496,36,300,0.0,0.0,0.12,9.880137777777778,0.0,0.0,0.0,-355.68496,2026-01-01,2026-01-31
2026-01-05/2026-01-11,Demo Campaign 006,Demo Channel 001,Demo Category 004,Winter,159.04,6,46,0.0,0.0,0.1304347826086956,26.506666666666664,0.0,0.0,0.0,-159.04,2026-01-01,2026-01-31
2026-01-05/2026-01-11,Demo Campaign 006,Demo Channel 001,Demo Category 003,Winter,447.644689,65,321,0.238846,351.06301618,0.2024922118380062,6.88684136923077,0.0036745538461538,1874.1979727523176,0.7842447923692444,-96.58167282000004,2026-01-01,2026-01-31
2026-01-05/2026-01-11,Demo Campaign 006,Demo Channel 001,Demo Category 014,Winter,635.193762,77,450,0.0,0.0,0.1711111111111111,8.249269636363636,0.0,0.0,0.0,-635.193762,2026-01-01,2026-01-31
2026-01-05/2026-01-11,Demo Campaign 006,Demo Channel 001,Demo Category 005,Winter,195.011117,31,154,1.0,3519.84,0.2012987012987013,6.290681193548387,0.032258064516129,195.011117,18.04943253568462,3324.828883,2026-01-01,2026-01-31
2026-01-05/2026-01-11,Demo Campaign 006,Demo Channel 001,Demo Category 015,Winter,496.282949,37,250,0.0,0.0,0.148,13.413052675675676,0.0,0.0,0.0,-496.282949,2026-01-01,2026-01-31
2026-01-05/2026-01-11,Demo Campaign 006,Demo Channel 001,Demo Category 001,Winter,55.19,3,20,0.0,0.0,0.15,18.396666666666665,0.0,0.0,0.0,-55.19,2026-01-01,2026-01-31
2026-01-05/2026-01-11,Demo Campaign 010,Demo Channel 001,Demo Category 003,Winter,2.37,1,6,0.0,0.0,0.1666666666666666,2.37,0.0,0.0,0.0,-2.37,2026-01-01,2026-01-31
2026-01-05/2026-01-11,Demo Campaign 010,Demo Channel 001,Demo Category 014,Winter,165.056468,32,124,0.0,0.0,0.2580645161290322,5.158014625,0.0,0.0,0.0,-165.056468,2026-01-01,2026-01-31
2026-01-05/2026-01-11,Demo Campaign 010,Demo Channel 001,Demo Category 005,Winter,1150.443282,216,1734,4.0,7979.129999999999,0.1245674740484429,5.326126305555555,0.0185185185185185,287.6108205,6.935700459851092,6828.686717999999,2026-01-01,2026-01-31
2026-01-05/2026-01-11,Demo Campaign 010,Demo Channel 001,Demo Category 001,Winter,12.928058,3,6,0.0,0.0,0.5,4.309352666666666,0.0,0.0,0.0,-12.928058,2026-01-01,2026-01-31
2026-01-05/2026-01-11,Demo Campaign 003,Demo Channel 001,Demo Category 013,Winter,9713.283609,7597,17942,233.361162,538757.016509022,0.4234199085943596,1.2785683307884692,0.0307175413979202,41.62339408045971,55.46600286743691,529043.732900022,2026-01-01,2026-01-31
2026-01-05/2026-01-11,Demo Campaign 003,Demo Channel 001,Demo Category 017,Winter,111.930974,60,751,0.0,0.0,0.0798934753661784,1.8655162333333333,0.0,0.0,0.0,-111.930974,2026-01-01,2026-01-31
2026-01-05/2026-01-11,Demo Campaign 003,Demo Channel 001,Demo Category 031,Winter,48.673305,25,401,0.0,0.0,0.0623441396508728,1.9469322,0.0,0.0,0.0,-48.673305,2026-01-01,2026-01-31
2026-01-05/2026-01-11,Demo Campaign 003,Demo Channel 001,Demo Category 002,Winter,412.728008,254,809,7.0,15345.34,0.3139678615574783,1.6249134173228346,0.0275590551181102,58.961144,37.18027297047406,14932.611992,2026-01-01,2026-01-31
2026-01-05/2026-01-11,Demo Campaign 013,Demo Channel 001,Demo Category 024,Winter,0.0,0,5,0.0,0.0,0.0,0.0,0.0,0.0,0.0,0.0,2026-01-01,2026-01-31
2026-01-05/2026-01-11,Demo Campaign 013,Demo Channel 001,Demo Category 021,Winter,0.0,0,18,0.0,0.0,0.0,0.0,0.0,0.0,0.0,0.0,2026-01-01,2026-01-31
2026-01-05/2026-01-11,Demo Campaign 013,Demo Channel 001,Demo Category 030,Winter,0.0,0,4,0.0,0.0,0.0,0.0,0.0,0.0,0.0,0.0,2026-01-01,2026-01-31
2026-01-05/2026-01-11,Demo Campaign 013,Demo Channel 001,Demo Category 006,Winter,5.850858,3,22,1.0,2431.75,0.1363636363636363,1.950286,0.3333333333333333,5.850858,415.6228026727021,2425.899142,2026-01-01,2026-01-31
2026-01-05/2026-01-11,Demo Campaign 008,Demo Channel 001,Demo Category 004,Winter,818.834876,130,1765,2.0,4131.46,0.0736543909348441,6.298729815384616,0.0153846153846153,409.417438,5.045534968151503,3312.625124,2026-01-01,2026-01-31
2026-01-05/2026-01-11,Demo Campaign 008,Demo Channel 001,Demo Category 003,Winter,349.108632,62,1132,2.0,3939.6,0.0547703180212014,5.630784387096774,0.032258064516129,174.554316,11.284739587877048,3590.4913680000004,2026-01-01,2026-01-31
2026-01-05/2026-01-11,Demo Campaign 008,Demo Channel 001,Demo Category 005,Winter,418.502006,79,1706,0.0,0.0,0.0463071512309495,5.297493746835443,0.0,0.0,0.0,-418.502006,2026-01-01,2026-01-31
2026-01-05/2026-01-11,Demo Campaign 008,Demo Channel 001,Demo Category 015,Winter,1064.453801,205,3973,1.0,1269.8,0.0515982884470173,5.192457565853659,0.0048780487804878,1064.453801,1.1929122699426575,205.34619899999984,2026-01-01,2026-01-31
2026-01-05/2026-01-11,Demo Campaign 008,Demo Channel 001,Demo Category 001,Winter,635.053449,118,684,0.0,0.0,0.1725146198830409,5.381808889830508,0.0,0.0,0.0,-635.053449,2026-01-01,2026-01-31
2026-01-05/2026-01-11,Demo Campaign 002,Demo Channel 001,Demo Category 023,Winter,0.0,0,1,0.0,0.0,0.0,0.0,0.0,0.0,0.0,0.0,2026-01-01,2026-01-31
2026-01-05/2026-01-11,Demo Campaign 002,Demo Channel 001,Demo Category 004,Winter,292.52966,36,307,0.0,0.0,0.1172638436482084,8.125823888888888,0.0,0.0,0.0,-292.52966,2026-01-01,2026-01-31
2026-01-05/2026-01-11,Demo Campaign 002,Demo Channel 001,Demo Category 003,Winter,14.05,3,20,0.0,0.0,0.15,4.683333333333333,0.0,0.0,0.0,-14.05,2026-01-01,2026-01-31
2026-01-05/2026-01-11,Demo Campaign 002,Demo Channel 001,Demo Category 005,Winter,10.06,2,16,0.0,0.0,0.125,5.029999999999999,0.0,0.0,0.0,-10.06,2026-01-01,2026-01-31
2026-01-05/2026-01-11,Demo Campaign 002,Demo Channel 001,Demo Category 001,Winter,1030.175312,182,936,3.0,8149.39,0.1944444444444444,5.660303912087913,0.0164835164835164,343.3917706666667,7.910682681939479,7119.214688,2026-01-01,2026-01-31
2026-01-05/2026-01-11,Demo Campaign 015,Demo Channel 001,Demo Category 016,Winter,961.84522,106,663,0.0,0.0,0.1598793363499245,9.074011509433962,0.0,0.0,0.0,-961.84522,2026-01-01,2026-01-31
2026-01-05/2026-01-11,Demo Campaign 015,Demo Channel 001,Demo Category 008,Winter,149.777201,14,289,0.0,0.0,0.0484429065743944,10.6983715,0.0,0.0,0.0,-149.777201,2026-01-01,2026-01-31
2026-01-05/2026-01-11,Demo Campaign 005,Demo Channel 001,Demo Category 004,Winter,97.620471,21,421,0.0,0.0,0.0498812351543943,4.648593857142857,0.0,0.0,0.0,-97.620471,2026-01-01,2026-01-31
2026-01-05/2026-01-11,Demo Campaign 005,Demo Channel 001,Demo Category 003,Winter,12.186362,2,37,0.0,0.0,0.054054054054054,6.093181,0.0,0.0,0.0,-12.186362,2026-01-01,2026-01-31
2026-01-05/2026-01-11,Demo Campaign 005,Demo Channel 001,Demo Category 014,Winter,24.51,8,326,0.0,0.0,0.0245398773006134,3.06375,0.0,0.0,0.0,-24.51,2026-01-01,2026-01-31
2026-01-05/2026-01-11,Demo Campaign 005,Demo Channel 001,Demo Category 005,Winter,0.0,0,15,0.0,0.0,0.0,0.0,0.0,0.0,0.0,0.0,2026-01-01,2026-01-31
2026-01-05/2026-01-11,Demo Campaign 005,Demo Channel 001,Demo Category 015,Winter,60.559316,11,209,0.0,0.0,0.0526315789473684,5.505392363636363,0.0,0.0,0.0,-60.559316,2026-01-01,2026-01-31
2026-01-05/2026-01-11,Demo Campaign 005,Demo Channel 001,Demo Category 001,Winter,0.0,0,1,0.0,0.0,0.0,0.0,0.0,0.0,0.0,0.0,2026-01-01,2026-01-31
2026-01-05/2026-01-11,Demo Campaign 011,Demo Channel 001,Demo Category 004,Winter,0.0,0,1,0.0,0.0,0.0,0.0,0.0,0.0,0.0,0.0,2026-01-01,2026-01-31
2026-01-05/2026-01-11,Demo Campaign 011,Demo Channel 001,Demo Category 003,Winter,0.0,0,1,0.0,0.0,0.0,0.0,0.0,0.0,0.0,0.0,2026-01-01,2026-01-31
2026-01-05/2026-01-11,Demo Campaign 011,Demo Channel 001,Demo Category 029,Winter,0.0,0,1,0.0,0.0,0.0,0.0,0.0,0.0,0.0,0.0,2026-01-01,2026-01-31
2026-01-05/2026-01-11,Demo Campaign 004,Demo Channel 001,Demo Category 004,Winter,121.05,13,440,1.0,2733.03,0.0295454545454545,9.31153846153846,0.0769230769230769,121.05,22.577695167286247,2611.98,2026-01-01,2026-01-31
2026-01-05/2026-01-11,Demo Campaign 004,Demo Channel 001,Demo Category 003,Winter,254.960643,31,999,0.0,0.0,0.031031031031031,8.224536870967743,0.0,0.0,0.0,-254.960643,2026-01-01,2026-01-31
2026-01-05/2026-01-11,Demo Campaign 004,Demo Channel 001,Demo Category 005,Winter,320.189917,48,947,0.0,0.0,0.0506863780359028,6.670623270833333,0.0,0.0,0.0,-320.189917,2026-01-01,2026-01-31
2026-01-05/2026-01-11,Demo Campaign 004,Demo Channel 001,Demo Category 015,Winter,531.023691,71,2006,2.0,3739.6,0.0353938185443669,7.479206915492957,0.028169014084507,265.5118455,7.042247009653662,3208.576309,2026-01-01,2026-01-31
2026-01-05/2026-01-11,Demo Campaign 004,Demo Channel 001,Demo Category 001,Winter,0.0,0,20,0.0,0.0,0.0,0.0,0.0,0.0,0.0,0.0,2026-01-01,2026-01-31
2026-01-05/2026-01-11,Demo Campaign 016,Demo Channel 001,Demo Category 018,Winter,10.66,6,61,0.0,0.0,0.0983606557377049,1.7766666666666666,0.0,0.0,0.0,-10.66,2026-01-01,2026-01-31
2026-01-05/2026-01-11,Demo Campaign 016,Demo Channel 001,Demo Category 019,Winter,0.0,0,3,0.0,0.0,0.0,0.0,0.0,0.0,0.0,0.0,2026-01-01,2026-01-31
2026-01-05/2026-01-11,Demo Campaign 016,Demo Channel 001,Demo Category 027,Winter,0.0,0,11,0.0,0.0,0.0,0.0,0.0,0.0,0.0,0.0,2026-01-01,2026-01-31
2026-01-05/2026-01-11,Demo Campaign 016,Demo Channel 001,Demo Category 009,Winter,0.0,0,30,0.0,0.0,0.0,0.0,0.0,0.0,0.0,0.0,2026-01-01,2026-01-31
2026-01-05/2026-01-11,Demo Campaign 017,Demo Channel 002,Demo Category 010,Winter,716.535985,401,121615,0.0,0.0,0.0032972906302676,1.7868727805486284,0.0,0.0,0.0,-716.535985,2026-01-01,2026-01-31
2026-01-05/2026-01-11,Demo Campaign 018,Demo Channel 002,Demo Category 011,Winter,722.262417,768,58116,0.0,0.0,0.0132149494115217,0.94044585546875,0.0,0.0,0.0,-722.262417,2026-01-01,2026-01-31
2026-01-05/2026-01-11,Demo Campaign 019,Demo Channel 002,Demo Category 012,Winter,776.37848,350,11949,0.0,0.0,0.0292911540714704,2.2182242285714286,0.0,0.0,0.0,-776.37848,2026-01-01,2026-01-31
2026-01-12/2026-01-18,Demo Campaign 020,Demo Channel 003,Demo Category 010,Winter,347.459491,40,16533,0.0,0.0,0.0024194036170084,8.686487275000001,0.0,0.0,0.0,-347.459491,2026-01-01,2026-01-31
2026-01-12/2026-01-18,Demo Campaign 020,Demo Channel 003,Demo Category 012,Winter,376.810457,36,17537,0.0,0.0,0.0020528026458345,10.466957138888889,0.0,0.0,0.0,-376.810457,2026-01-01,2026-01-31
2026-01-12/2026-01-18,Demo Campaign 007,Demo Channel 001,Demo Category 004,Winter,356.620821,92,368,0.0,0.0,0.25,3.87631327173913,0.0,0.0,0.0,-356.620821,2026-01-01,2026-01-31
2026-01-12/2026-01-18,Demo Campaign 007,Demo Channel 001,Demo Category 003,Winter,653.341549,159,437,3.0,6009.4,0.3638443935926773,4.109066345911949,0.0188679245283018,217.7805163333333,9.197945560324374,5356.058451,2026-01-01,2026-01-31
2026-01-12/2026-01-18,Demo Campaign 007,Demo Channel 001,Demo Category 014,Winter,4293.846432,1136,4511,22.136892,38833.72306322,0.2518288627798714,3.779794394366197,0.0194867007042253,193.96789901671835,9.044040973102971,34539.87663122,2026-01-01,2026-01-31
2026-01-12/2026-01-18,Demo Campaign 007,Demo Channel 001,Demo Category 005,Winter,859.652903,202,588,2.25,5819.655,0.3435374149659864,4.25570744059406,0.0111386138613861,382.0679568888889,6.769772985923366,4960.002097,2026-01-01,2026-01-31
2026-01-12/2026-01-18,Demo Campaign 007,Demo Channel 001,Demo Category 015,Winter,1360.159369,270,1326,2.0,4853.939970186,0.2036199095022624,5.0376272925925925,0.0074074074074074,680.0796845,3.568655321438293,3493.780601186,2026-01-01,2026-01-31
2026-01-12/2026-01-18,Demo Campaign 001,Demo Channel 001,Demo Category 004,Winter,34.45,15,34,0.0,0.0,0.4411764705882353,2.296666666666667,0.0,0.0,0.0,-34.45,2026-01-01,2026-01-31
2026-01-12/2026-01-18,Demo Campaign 001,Demo Channel 001,Demo Category 003,Winter,79.77956499999999,29,72,2.0,4279.74,0.4027777777777778,2.7510194827586205,0.0689655172413793,39.8897825,53.64456424398905,4199.960435,2026-01-01,2026-01-31
2026-01-12/2026-01-18,Demo Campaign 001,Demo Channel 001,Demo Category 005,Winter,8.850000000000001,5,19,0.0,0.0,0.2631578947368421,1.7700000000000002,0.0,0.0,0.0,-8.850000000000001,2026-01-01,2026-01-31
2026-01-12/2026-01-18,Demo Campaign 001,Demo Channel 001,Demo Category 001,Winter,989.657341,433,1109,7.83612,13563.74429752,0.3904418394950406,2.2855827736720555,0.0180972748267898,126.29430649351976,13.70549556457036,12574.08695652,2026-01-01,2026-01-31
2026-01-12/2026-01-18,Demo Campaign 014,Demo Channel 001,Demo Category 023,Winter,306.540257,85,675,0.0,0.0,0.1259259259259259,3.6063559647058825,0.0,0.0,0.0,-306.540257,2026-01-01,2026-01-31
2026-01-12/2026-01-18,Demo Campaign 014,Demo Channel 001,Demo Category 007,Winter,370.42527,102,643,0.067152,157.78974048,0.1586314152410575,3.631620294117647,0.0006583529411764,5516.220961401001,0.4259691583136323,-212.63552952,2026-01-01,2026-01-31
2026-01-12/2026-01-18,Demo Campaign 012,Demo Channel 001,Demo Category 004,Winter,8.57,2,10,0.0,0.0,0.2,4.285,0.0,0.0,0.0,-8.57,2026-01-01,2026-01-31
2026-01-12/2026-01-18,Demo Campaign 012,Demo Channel 001,Demo Category 003,Winter,101.781177,20,65,0.0,0.0,0.3076923076923077,5.08905885,0.0,0.0,0.0,-101.781177,2026-01-01,2026-01-31
2026-01-12/2026-01-18,Demo Campaign 012,Demo Channel 001,Demo Category 014,Winter,393.211697,44,202,0.0,0.0,0.2178217821782178,8.936629477272728,0.0,0.0,0.0,-393.211697,2026-01-01,2026-01-31
2026-01-12/2026-01-18,Demo Campaign 012,Demo Channel 001,Demo Category 005,Winter,94.242543,21,74,0.0,0.0,0.2837837837837837,4.487740142857143,0.0,0.0,0.0,-94.242543,2026-01-01,2026-01-31
2026-01-12/2026-01-18,Demo Campaign 012,Demo Channel 001,Demo Category 015,Winter,91.857947,11,90,2.0,5119.68,0.1222222222222222,8.350722454545455,0.1818181818181818,45.9289735,55.73475314008488,5027.822053,2026-01-01,2026-01-31
2026-01-12/2026-01-18,Demo Campaign 012,Demo Channel 001,Demo Category 001,Winter,2.92,1,9,0.0,0.0,0.1111111111111111,2.92,0.0,0.0,0.0,-2.92,2026-01-01,2026-01-31
2026-01-12/2026-01-18,Demo Campaign 009,Demo Channel 001,Demo Category 014,Winter,639.154988,60,263,0.0,0.0,0.2281368821292775,10.652583133333334,0.0,0.0,0.0,-639.154988,2026-01-01,2026-01-31
2026-01-12/2026-01-18,Demo Campaign 009,Demo Channel 001,Demo Category 005,Winter,313.350052,46,165,0.0,0.0,0.2787878787878788,6.811957652173914,0.0,0.0,0.0,-313.350052,2026-01-01,2026-01-31
2026-01-12/2026-01-18,Demo Campaign 009,Demo Channel 001,Demo Category 015,Winter,508.148647,32,201,0.666006,1463.84706834,0.1592039800995024,15.87964521875,0.0208126875,762.9790827710261,2.880745775832008,955.69842134,2026-01-01,2026-01-31
2026-01-12/2026-01-18,Demo Campaign 006,Demo Channel 001,Demo Category 004,Winter,44.890919,4,23,0.0,0.0,0.1739130434782608,11.22272975,0.0,0.0,0.0,-44.890919,2026-01-01,2026-01-31
2026-01-12/2026-01-18,Demo Campaign 006,Demo Channel 001,Demo Category 003,Winter,474.205398,42,146,0.0,0.0,0.2876712328767123,11.290604714285717,0.0,0.0,0.0,-474.205398,2026-01-01,2026-01-31
2026-01-12/2026-01-18,Demo Campaign 006,Demo Channel 001,Demo Category 014,Winter,387.469466,53,227,2.916764,5135.3133272,0.2334801762114537,7.310744641509435,0.0550332830188679,132.8422409217887,13.253465828453177,4747.843861199999,2026-01-01,2026-01-31
2026-01-12/2026-01-18,Demo Campaign 006,Demo Channel 001,Demo Category 005,Winter,153.396189,33,105,0.0,0.0,0.3142857142857143,4.648369363636363,0.0,0.0,0.0,-153.396189,2026-01-01,2026-01-31
2026-01-12/2026-01-18,Demo Campaign 006,Demo Channel 001,Demo Category 015,Winter,362.537891,30,157,0.0,0.0,0.1910828025477707,12.084596366666666,0.0,0.0,0.0,-362.537891,2026-01-01,2026-01-31
2026-01-12/2026-01-18,Demo Campaign 006,Demo Channel 001,Demo Category 001,Winter,43.21,1,9,0.0,0.0,0.1111111111111111,43.21,0.0,0.0,0.0,-43.21,2026-01-01,2026-01-31
2026-01-12/2026-01-18,Demo Campaign 010,Demo Channel 001,Demo Category 003,Winter,8.370000000000001,2,7,0.0,0.0,0.2857142857142857,4.1850000000000005,0.0,0.0,0.0,-8.370000000000001,2026-01-01,2026-01-31
2026-01-12/2026-01-18,Demo Campaign 010,Demo Channel 001,Demo Category 014,Winter,179.063422,42,117,1.89553,3923.367994,0.358974358974359,4.26341480952381,0.0451316666666666,94.46615036427806,21.910493780242845,3744.304572,2026-01-01,2026-01-31
2026-01-12/2026-01-18,Demo Campaign 010,Demo Channel 001,Demo Category 005,Winter,1354.999722,294,2125,0.125,149.9875,0.1383529411764706,4.608842591836734,0.0004251700680272,10839.997776,0.1106919046290402,-1205.012222,2026-01-01,2026-01-31
2026-01-12/2026-01-18,Demo Campaign 010,Demo Channel 001,Demo Category 001,Winter,0.0,0,1,0.0,0.0,0.0,0.0,0.0,0.0,0.0,0.0,2026-01-01,2026-01-31
2026-01-12/2026-01-18,Demo Campaign 003,Demo Channel 001,Demo Category 013,Winter,9365.074008,7318,16247,231.699078,506847.807067911,0.4504216162983935,1.279731348455862,0.031661530199508,40.41912505150323,54.12106798461416,497482.733059911,2026-01-01,2026-01-31
2026-01-12/2026-01-18,Demo Campaign 003,Demo Channel 001,Demo Category 017,Winter,78.799759,43,637,0.0,0.0,0.0675039246467817,1.8325525348837208,0.0,0.0,0.0,-78.799759,2026-01-01,2026-01-31
2026-01-12/2026-01-18,Demo Campaign 003,Demo Channel 001,Demo Category 031,Winter,25.73,14,204,0.0,0.0,0.0686274509803921,1.8378571428571429,0.0,0.0,0.0,-25.73,2026-01-01,2026-01-31
2026-01-12/2026-01-18,Demo Campaign 003,Demo Channel 001,Demo Category 002,Winter,397.183625,243,757,11.0,26408.55,0.321003963011889,1.6345005144032922,0.0452674897119341,36.10760227272727,66.48952357993107,26011.366375,2026-01-01,2026-01-31
2026-01-12/2026-01-18,Demo Campaign 013,Demo Channel 001,Demo Category 024,Winter,0.0,0,2,0.0,0.0,0.0,0.0,0.0,0.0,0.0,0.0,2026-01-01,2026-01-31
2026-01-12/2026-01-18,Demo Campaign 013,Demo Channel 001,Demo Category 021,Winter,5.88,3,10,0.0,0.0,0.3,1.96,0.0,0.0,0.0,-5.88,2026-01-01,2026-01-31
2026-01-12/2026-01-18,Demo Campaign 013,Demo Channel 001,Demo Category 030,Winter,0.0,0,1,0.0,0.0,0.0,0.0,0.0,0.0,0.0,0.0,2026-01-01,2026-01-31
2026-01-12/2026-01-18,Demo Campaign 013,Demo Channel 001,Demo Category 006,Winter,3.84,2,9,0.0,0.0,0.2222222222222222,1.92,0.0,0.0,0.0,-3.84,2026-01-01,2026-01-31
2026-01-12/2026-01-18,Demo Campaign 013,Demo Channel 001,Demo Category 032,Winter,0.0,0,1,0.0,0.0,0.0,0.0,0.0,0.0,0.0,0.0,2026-01-01,2026-01-31
2026-01-12/2026-01-18,Demo Campaign 008,Demo Channel 001,Demo Category 004,Winter,690.331593,123,1636,0.0,0.0,0.0751833740831295,5.612451975609756,0.0,0.0,0.0,-690.331593,2026-01-01,2026-01-31
2026-01-12/2026-01-18,Demo Campaign 008,Demo Channel 001,Demo Category 003,Winter,386.508519,70,874,0.0,0.0,0.080091533180778,5.521550271428571,0.0,0.0,0.0,-386.508519,2026-01-01,2026-01-31
2026-01-12/2026-01-18,Demo Campaign 008,Demo Channel 001,Demo Category 005,Winter,542.755735,98,1457,2.0,3339.48,0.0672614962251201,5.538323826530612,0.0204081632653061,271.3778675,6.152823055844818,2796.724265,2026-01-01,2026-01-31
2026-01-12/2026-01-18,Demo Campaign 008,Demo Channel 001,Demo Category 015,Winter,1330.790258,237,3743,0.0,0.0,0.0633181939620625,5.61514876793249,0.0,0.0,0.0,-1330.790258,2026-01-01,2026-01-31
2026-01-12/2026-01-18,Demo Campaign 008,Demo Channel 001,Demo Category 001,Winter,221.830676,46,217,0.0,0.0,0.2119815668202765,4.822406,0.0,0.0,0.0,-221.830676,2026-01-01,2026-01-31
2026-01-12/2026-01-18,Demo Campaign 002,Demo Channel 001,Demo Category 023,Winter,0.0,0,2,0.0,0.0,0.0,0.0,0.0,0.0,0.0,0.0,2026-01-01,2026-01-31
2026-01-12/2026-01-18,Demo Campaign 002,Demo Channel 001,Demo Category 004,Winter,337.674232,62,477,0.0,0.0,0.129979035639413,5.446358580645161,0.0,0.0,0.0,-337.674232,2026-01-01,2026-01-31
2026-01-12/2026-01-18,Demo Campaign 002,Demo Channel 001,Demo Category 003,Winter,14.52,3,14,0.0,0.0,0.2142857142857142,4.84,0.0,0.0,0.0,-14.52,2026-01-01,2026-01-31
2026-01-12/2026-01-18,Demo Campaign 002,Demo Channel 001,Demo Category 005,Winter,14.159999999999998,3,15,0.0,0.0,0.2,4.72,0.0,0.0,0.0,-14.159999999999998,2026-01-01,2026-01-31
2026-01-12/2026-01-18,Demo Campaign 002,Demo Channel 001,Demo Category 001,Winter,1325.611035,250,1418,4.0,6569.239961781001,0.1763046544428773,5.30244414,0.016,331.40275875,4.95563162068955,5243.628926781001,2026-01-01,2026-01-31
2026-01-12/2026-01-18,Demo Campaign 015,Demo Channel 001,Demo Category 016,Winter,775.664099,111,754,0.0,0.0,0.1472148541114058,6.987964855855855,0.0,0.0,0.0,-775.664099,2026-01-01,2026-01-31
2026-01-12/2026-01-18,Demo Campaign 015,Demo Channel 001,Demo Category 008,Winter,158.722424,22,333,0.0,0.0,0.066066066066066,7.214655636363636,0.0,0.0,0.0,-158.722424,2026-01-01,2026-01-31
2026-01-12/2026-01-18,Demo Campaign 005,Demo Channel 001,Demo Category 004,Winter,63.89,14,327,0.0,0.0,0.0428134556574923,4.563571428571429,0.0,0.0,0.0,-63.89,2026-01-01,2026-01-31
2026-01-12/2026-01-18,Demo Campaign 005,Demo Channel 001,Demo Category 003,Winter,31.76,5,26,0.0,0.0,0.1923076923076923,6.351999999999999,0.0,0.0,0.0,-31.76,2026-01-01,2026-01-31
2026-01-12/2026-01-18,Demo Campaign 005,Demo Channel 001,Demo Category 014,Winter,45.44,7,203,0.0,0.0,0.0344827586206896,6.491428571428571,0.0,0.0,0.0,-45.44,2026-01-01,2026-01-31
2026-01-12/2026-01-18,Demo Campaign 005,Demo Channel 001,Demo Category 005,Winter,10.34,2,17,0.0,0.0,0.1176470588235294,5.17,0.0,0.0,0.0,-10.34,2026-01-01,2026-01-31
2026-01-12/2026-01-18,Demo Campaign 005,Demo Channel 001,Demo Category 015,Winter,27.17,7,198,0.0,0.0,0.0353535353535353,3.8814285714285712,0.0,0.0,0.0,-27.17,2026-01-01,2026-01-31
2026-01-12/2026-01-18,Demo Campaign 005,Demo Channel 001,Demo Category 001,Winter,2.54,1,3,0.0,0.0,0.3333333333333333,2.54,0.0,0.0,0.0,-2.54,2026-01-01,2026-01-31
2026-01-12/2026-01-18,Demo Campaign 011,Demo Channel 001,Demo Category 004,Winter,3.94,2,23,0.0,0.0,0.0869565217391304,1.97,0.0,0.0,0.0,-3.94,2026-01-01,2026-01-31
2026-01-12/2026-01-18,Demo Campaign 011,Demo Channel 001,Demo Category 003,Winter,5.85,3,17,0.0,0.0,0.1764705882352941,1.95,0.0,0.0,0.0,-5.85,2026-01-01,2026-01-31
2026-01-12/2026-01-18,Demo Campaign 011,Demo Channel 001,Demo Category 005,Winter,0.0,0,25,0.0,0.0,0.0,0.0,0.0,0.0,0.0,0.0,2026-01-01,2026-01-31
2026-01-12/2026-01-18,Demo Campaign 011,Demo Channel 001,Demo Category 029,Winter,0.0,0,5,0.0,0.0,0.0,0.0,0.0,0.0,0.0,0.0,2026-01-01,2026-01-31
2026-01-12/2026-01-18,Demo Campaign 011,Demo Channel 001,Demo Category 015,Winter,0.0,0,14,0.0,0.0,0.0,0.0,0.0,0.0,0.0,0.0,2026-01-01,2026-01-31
2026-01-12/2026-01-18,Demo Campaign 011,Demo Channel 001,Demo Category 001,Winter,0.0,0,2,0.0,0.0,0.0,0.0,0.0,0.0,0.0,0.0,2026-01-01,2026-01-31
2026-01-12/2026-01-18,Demo Campaign 004,Demo Channel 001,Demo Category 004,Winter,189.681996,17,352,0.0,0.0,0.0482954545454545,11.157764470588235,0.0,0.0,0.0,-189.681996,2026-01-01,2026-01-31
2026-01-12/2026-01-18,Demo Campaign 004,Demo Channel 001,Demo Category 003,Winter,155.370798,21,642,0.0,0.0,0.0327102803738317,7.398609428571429,0.0,0.0,0.0,-155.370798,2026-01-01,2026-01-31
2026-01-12/2026-01-18,Demo Campaign 004,Demo Channel 001,Demo Category 005,Winter,281.35,44,804,2.0,7039.68,0.0547263681592039,6.394318181818181,0.0454545454545454,140.67499999999998,25.021076950417637,6758.33,2026-01-01,2026-01-31
2026-01-12/2026-01-18,Demo Campaign 004,Demo Channel 001,Demo Category 015,Winter,480.182517,50,1370,2.0,4139.6,0.0364963503649635,9.60365034,0.04,240.0912585,8.620888627646558,3659.417483,2026-01-01,2026-01-31
2026-01-12/2026-01-18,Demo Campaign 004,Demo Channel 001,Demo Category 001,Winter,0.0,0,21,0.0,0.0,0.0,0.0,0.0,0.0,0.0,0.0,2026-01-01,2026-01-31
2026-01-12/2026-01-18,Demo Campaign 016,Demo Channel 001,Demo Category 018,Winter,8.017938000000001,6,47,0.0,0.0,0.1276595744680851,1.336323,0.0,0.0,0.0,-8.017938000000001,2026-01-01,2026-01-31
2026-01-12/2026-01-18,Demo Campaign 016,Demo Channel 001,Demo Category 020,Winter,0.0,0,1,0.0,0.0,0.0,0.0,0.0,0.0,0.0,0.0,2026-01-01,2026-01-31
2026-01-12/2026-01-18,Demo Campaign 016,Demo Channel 001,Demo Category 019,Winter,0.0,0,1,0.0,0.0,0.0,0.0,0.0,0.0,0.0,0.0,2026-01-01,2026-01-31
2026-01-12/2026-01-18,Demo Campaign 016,Demo Channel 001,Demo Category 028,Winter,0.0,0,1,0.0,0.0,0.0,0.0,0.0,0.0,0.0,0.0,2026-01-01,2026-01-31
2026-01-12/2026-01-18,Demo Campaign 016,Demo Channel 001,Demo Category 026,Winter,0.0,0,1,0.0,0.0,0.0,0.0,0.0,0.0,0.0,0.0,2026-01-01,2026-01-31
2026-01-12/2026-01-18,Demo Campaign 016,Demo Channel 001,Demo Category 009,Winter,0.0,0,23,0.0,0.0,0.0,0.0,0.0,0.0,0.0,0.0,2026-01-01,2026-01-31
2026-01-12/2026-01-18,Demo Campaign 016,Demo Channel 001,Demo Category 022,Winter,0.0,0,1,0.0,0.0,0.0,0.0,0.0,0.0,0.0,0.0,2026-01-01,2026-01-31
2026-01-12/2026-01-18,Demo Campaign 017,Demo Channel 002,Demo Category 010,Winter,727.856068,425,130037,0.0,0.0,0.0032683005606096,1.7126025129411766,0.0,0.0,0.0,-727.856068,2026-01-01,2026-01-31
2026-01-12/2026-01-18,Demo Campaign 018,Demo Channel 002,Demo Category 011,Winter,632.470564,780,46537,0.0,0.0,0.0167608569525323,0.8108596974358974,0.0,0.0,0.0,-632.470564,2026-01-01,2026-01-31
2026-01-12/2026-01-18,Demo Campaign 019,Demo Channel 002,Demo Category 012,Winter,696.3722829999999,348,28087,0.0,0.0,0.0123900736995763,2.001069778735632,0.0,0.0,0.0,-696.3722829999999,2026-01-01,2026-01-31
2026-01-19/2026-01-25,Demo Campaign 020,Demo Channel 003,Demo Category 010,Winter,328.963919,46,14907,0.0,0.0,0.0030857986180988,7.151389543478261,0.0,0.0,0.0,-328.963919,2026-01-01,2026-01-31
2026-01-19/2026-01-25,Demo Campaign 020,Demo Channel 003,Demo Category 012,Winter,373.792925,71,16988,0.0,0.0,0.0041794207676006,5.264689084507042,0.0,0.0,0.0,-373.792925,2026-01-01,2026-01-31
2026-01-19/2026-01-25,Demo Campaign 007,Demo Channel 001,Demo Category 004,Winter,341.709658,101,381,1.0,1299.9,0.2650918635170604,3.3832639405940594,0.0099009900990099,341.709658,3.8041067016022128,958.190342,2026-01-01,2026-01-31
2026-01-19/2026-01-25,Demo Campaign 007,Demo Channel 001,Demo Category 003,Winter,711.047662,187,548,2.0,2959.74,0.3412408759124087,3.802393914438502,0.0106951871657754,355.523831,4.162505775878636,2248.692338,2026-01-01,2026-01-31
2026-01-19/2026-01-25,Demo Campaign 007,Demo Channel 001,Demo Category 014,Winter,3840.115429,1080,4581,20.267316,31638.962390101,0.2357563850687623,3.5556624342592595,0.0187660333333333,189.47330909529413,8.239065459118258,27798.846961101,2026-01-01,2026-01-31
2026-01-19/2026-01-25,Demo Campaign 007,Demo Channel 001,Demo Category 005,Winter,845.738501,199,605,0.210022,319.376904,0.3289256198347107,4.249942216080402,0.0010553869346733,4026.904329070288,0.3776307967798193,-526.3615970000001,2026-01-01,2026-01-31
2026-01-19/2026-01-25,Demo Campaign 007,Demo Channel 001,Demo Category 015,Winter,1275.087736,270,1300,2.0,2499.7999647730003,0.2076923076923077,4.72254717037037,0.0074074074074074,637.543868,1.960492516863953,1224.7122287730003,2026-01-01,2026-01-31
2026-01-19/2026-01-25,Demo Campaign 001,Demo Channel 001,Demo Category 004,Winter,33.385032,15,43,0.0,0.0,0.3488372093023256,2.2256688,0.0,0.0,0.0,-33.385032,2026-01-01,2026-01-31
2026-01-19/2026-01-25,Demo Campaign 001,Demo Channel 001,Demo Category 003,Winter,54.98,25,67,2.0,2785.3,0.373134328358209,2.1992,0.08,27.49,50.66024008730448,2730.32,2026-01-01,2026-01-31
2026-01-19/2026-01-25,Demo Campaign 001,Demo Channel 001,Demo Category 005,Winter,16.22,7,16,0.0,0.0,0.4375,2.317142857142857,0.0,0.0,0.0,-16.22,2026-01-01,2026-01-31
2026-01-19/2026-01-25,Demo Campaign 001,Demo Channel 001,Demo Category 001,Winter,1129.893718,521,1326,5.26555,11098.44964612,0.3929110105580694,2.168701953934741,0.010106621880998,214.5822787742971,9.822560714617584,9968.55592812,2026-01-01,2026-01-31
2026-01-19/2026-01-25,Demo Campaign 014,Demo Channel 001,Demo Category 023,Winter,276.67753300000004,62,696,0.0,0.0,0.0890804597701149,4.462540854838711,0.0,0.0,0.0,-276.67753300000004,2026-01-01,2026-01-31
2026-01-19/2026-01-25,Demo Campaign 014,Demo Channel 001,Demo Category 007,Winter,431.953604,116,674,1.760847,3521.5179153,0.172106824925816,3.723737965517241,0.0151797155172413,245.3101285915244,8.152537408392591,3089.5643113,2026-01-01,2026-01-31
2026-01-19/2026-01-25,Demo Campaign 012,Demo Channel 001,Demo Category 004,Winter,26.609728,5,18,0.0,0.0,0.2777777777777778,5.3219456,0.0,0.0,0.0,-26.609728,2026-01-01,2026-01-31
2026-01-19/2026-01-25,Demo Campaign 012,Demo Channel 001,Demo Category 003,Winter,213.43372,17,65,0.0,0.0,0.2615384615384615,12.554924705882351,0.0,0.0,0.0,-213.43372,2026-01-01,2026-01-31
2026-01-19/2026-01-25,Demo Campaign 012,Demo Channel 001,Demo Category 014,Winter,329.689728,24,138,0.0,0.0,0.1739130434782608,13.737072,0.0,0.0,0.0,-329.689728,2026-01-01,2026-01-31
2026-01-19/2026-01-25,Demo Campaign 012,Demo Channel 001,Demo Category 005,Winter,12.44,3,51,0.0,0.0,0.0588235294117647,4.146666666666667,0.0,0.0,0.0,-12.44,2026-01-01,2026-01-31
2026-01-19/2026-01-25,Demo Campaign 012,Demo Channel 001,Demo Category 015,Winter,130.08,9,41,0.0,0.0,0.2195121951219512,14.453333333333337,0.0,0.0,0.0,-130.08,2026-01-01,2026-01-31
2026-01-19/2026-01-25,Demo Campaign 009,Demo Channel 001,Demo Category 014,Winter,660.85384,52,338,2.0,1999.8,0.1538461538461538,12.708727692307692,0.0384615384615384,330.42692,3.0260851627948475,1338.94616,2026-01-01,2026-01-31
2026-01-19/2026-01-25,Demo Campaign 009,Demo Channel 001,Demo Category 005,Winter,252.83248,39,139,0.0,0.0,0.2805755395683453,6.482884102564102,0.0,0.0,0.0,-252.83248,2026-01-01,2026-01-31
2026-01-19/2026-01-25,Demo Campaign 009,Demo Channel 001,Demo Category 015,Winter,459.36624,31,207,0.0,0.0,0.1497584541062802,14.818265806451612,0.0,0.0,0.0,-459.36624,2026-01-01,2026-01-31
2026-01-19/2026-01-25,Demo Campaign 006,Demo Channel 001,Demo Category 004,Winter,37.20023,7,36,0.0,0.0,0.1944444444444444,5.314318571428571,0.0,0.0,0.0,-37.20023,2026-01-01,2026-01-31
2026-01-19/2026-01-25,Demo Campaign 006,Demo Channel 001,Demo Category 003,Winter,458.61406,71,224,1.886134,2451.7855866,0.3169642857142857,6.459352957746479,0.0265652676056338,243.15030639392532,5.346075928417895,1993.1715266,2026-01-01,2026-01-31
2026-01-19/2026-01-25,Demo Campaign 006,Demo Channel 001,Demo Category 014,Winter,375.457862,61,270,0.056934,74.0085066,0.2259259259259259,6.155046918032786,0.000933344262295,6594.61590613693,0.1971153465951393,-301.44935539999994,2026-01-01,2026-01-31
2026-01-19/2026-01-25,Demo Campaign 006,Demo Channel 001,Demo Category 005,Winter,191.101667,27,95,2.0,3199.8,0.2842105263157894,7.07783951851852,0.074074074074074,95.5508335,16.74396696916307,3008.6983330000003,2026-01-01,2026-01-31
2026-01-19/2026-01-25,Demo Campaign 006,Demo Channel 001,Demo Category 015,Winter,275.12607,33,148,0.0,0.0,0.2229729729729729,8.337153636363638,0.0,0.0,0.0,-275.12607,2026-01-01,2026-01-31
2026-01-19/2026-01-25,Demo Campaign 006,Demo Channel 001,Demo Category 001,Winter,22.543228,3,5,0.0,0.0,0.6,7.514409333333333,0.0,0.0,0.0,-22.543228,2026-01-01,2026-01-31
2026-01-19/2026-01-25,Demo Campaign 010,Demo Channel 001,Demo Category 003,Winter,5.62,2,8,1.0,1299.9,0.25,2.81,0.5,5.62,231.29893238434164,1294.2800000000002,2026-01-01,2026-01-31
2026-01-19/2026-01-25,Demo Campaign 010,Demo Channel 001,Demo Category 014,Winter,179.608464,52,182,0.056932,74.0059068,0.2857142857142857,3.454008923076923,0.0010948461538461,3154.7892924892853,0.412040196502098,-105.6025572,2026-01-01,2026-01-31
2026-01-19/2026-01-25,Demo Campaign 010,Demo Channel 001,Demo Category 005,Winter,1340.763002,308,1880,3.0,10259.52,0.1638297872340425,4.35312662987013,0.0097402597402597,446.92100066666666,7.6520011252518145,8918.756998,2026-01-01,2026-01-31
2026-01-19/2026-01-25,Demo Campaign 010,Demo Channel 001,Demo Category 001,Winter,6.68,1,3,0.0,0.0,0.3333333333333333,6.68,0.0,0.0,0.0,-6.68,2026-01-01,2026-01-31
2026-01-19/2026-01-25,Demo Campaign 003,Demo Channel 001,Demo Category 013,Winter,7769.922592,6367,14785,185.089827,359891.696943136,0.4306391613121407,1.2203427975498664,0.0290701785770378,41.97919852180746,46.318569159708815,352121.774351136,2026-01-01,2026-01-31
2026-01-19/2026-01-25,Demo Campaign 003,Demo Channel 001,Demo Category 017,Winter,119.34051,63,696,0.0,0.0,0.0905172413793103,1.894293809523809,0.0,0.0,0.0,-119.34051,2026-01-01,2026-01-31
2026-01-19/2026-01-25,Demo Campaign 003,Demo Channel 001,Demo Category 031,Winter,12.78,7,90,0.0,0.0,0.0777777777777777,1.8257142857142856,0.0,0.0,0.0,-12.78,2026-01-01,2026-01-31
2026-01-19/2026-01-25,Demo Campaign 003,Demo Channel 001,Demo Category 002,Winter,330.718495,204,653,6.055452,12965.43896768,0.3124042879019908,1.621169093137255,0.0296835882352941,54.61499736105579,39.203852108966565,12634.72047268,2026-01-01,2026-01-31
2026-01-19/2026-01-25,Demo Campaign 013,Demo Channel 001,Demo Category 024,Winter,0.0,0,1,0.0,0.0,0.0,0.0,0.0,0.0,0.0,0.0,2026-01-01,2026-01-31
2026-01-19/2026-01-25,Demo Campaign 013,Demo Channel 001,Demo Category 021,Winter,0.77,1,17,0.0,0.0,0.0588235294117647,0.77,0.0,0.0,0.0,-0.77,2026-01-01,2026-01-31
2026-01-19/2026-01-25,Demo Campaign 013,Demo Channel 001,Demo Category 030,Winter,0.0,0,2,0.0,0.0,0.0,0.0,0.0,0.0,0.0,0.0,2026-01-01,2026-01-31
2026-01-19/2026-01-25,Demo Campaign 013,Demo Channel 001,Demo Category 006,Winter,1.95,1,8,0.0,0.0,0.125,1.95,0.0,0.0,0.0,-1.95,2026-01-01,2026-01-31
2026-01-19/2026-01-25,Demo Campaign 008,Demo Channel 001,Demo Category 004,Winter,819.501147,171,2026,4.117886,5925.78419864,0.0844027640671273,4.792404368421052,0.0240812046783625,199.01015885335335,7.230965106434439,5106.28305164,2026-01-01,2026-01-31
2026-01-19/2026-01-25,Demo Campaign 008,Demo Channel 001,Demo Category 003,Winter,300.849649,57,917,1.0,999.9,0.0621592148309705,5.278064017543859,0.0175438596491228,300.849649,3.3235870585974987,699.050351,2026-01-01,2026-01-31
2026-01-19/2026-01-25,Demo Campaign 008,Demo Channel 001,Demo Category 005,Winter,371.308486,85,1551,1.0,2569.7,0.0548033526756931,4.368335129411765,0.0117647058823529,371.308486,6.920660574399045,2198.391514,2026-01-01,2026-01-31
2026-01-19/2026-01-25,Demo Campaign 008,Demo Channel 001,Demo Category 015,Winter,1252.15052,232,3828,5.0,18568.3,0.0606060606060606,5.39720051724138,0.021551724137931,250.43010400000003,14.82912773138488,17316.14948,2026-01-01,2026-01-31
2026-01-19/2026-01-25,Demo Campaign 008,Demo Channel 001,Demo Category 001,Winter,360.008956,88,474,3.0,4842.139999999999,0.1856540084388185,4.091010863636364,0.034090909090909,120.00298533333334,13.450054281427374,4482.131044,2026-01-01,2026-01-31
2026-01-19/2026-01-25,Demo Campaign 002,Demo Channel 001,Demo Category 023,Winter,0.0,0,5,0.0,0.0,0.0,0.0,0.0,0.0,0.0,0.0,2026-01-01,2026-01-31
2026-01-19/2026-01-25,Demo Campaign 002,Demo Channel 001,Demo Category 004,Winter,422.541436,70,515,4.0,5399.6,0.1359223300970873,6.036306228571428,0.0571428571428571,105.635359,12.778865076796873,4977.058564000001,2026-01-01,2026-01-31
2026-01-19/2026-01-25,Demo Campaign 002,Demo Channel 001,Demo Category 003,Winter,38.679841,7,31,0.0,0.0,0.2258064516129032,5.525691571428572,0.0,0.0,0.0,-38.679841,2026-01-01,2026-01-31
2026-01-19/2026-01-25,Demo Campaign 002,Demo Channel 001,Demo Category 005,Winter,19.465458,4,22,0.0,0.0,0.1818181818181818,4.8663645,0.0,0.0,0.0,-19.465458,2026-01-01,2026-01-31
2026-01-19/2026-01-25,Demo Campaign 002,Demo Channel 001,Demo Category 001,Winter,1169.576283,206,1422,2.083178,4199.36845152,0.1448663853727144,5.67755477184466,0.0101125145631067,561.4384766928221,3.590504110384736,3029.7921685200004,2026-01-01,2026-01-31
2026-01-19/2026-01-25,Demo Campaign 015,Demo Channel 001,Demo Category 016,Winter,1055.533496,128,880,1.0,2469.7,0.1454545454545454,8.2463554375,0.0078125,1055.533496,2.33976468710757,1414.1665039999998,2026-01-01,2026-01-31
2026-01-19/2026-01-25,Demo Campaign 015,Demo Channel 001,Demo Category 008,Winter,103.618004,12,255,0.0,0.0,0.0470588235294117,8.634833666666667,0.0,0.0,0.0,-103.618004,2026-01-01,2026-01-31
2026-01-19/2026-01-25,Demo Campaign 005,Demo Channel 001,Demo Category 004,Winter,72.379863,18,299,0.0,0.0,0.060200668896321,4.0211035,0.0,0.0,0.0,-72.379863,2026-01-01,2026-01-31
2026-01-19/2026-01-25,Demo Campaign 005,Demo Channel 001,Demo Category 003,Winter,12.35,1,33,0.0,0.0,0.0303030303030303,12.35,0.0,0.0,0.0,-12.35,2026-01-01,2026-01-31
2026-01-19/2026-01-25,Demo Campaign 005,Demo Channel 001,Demo Category 014,Winter,21.040000000000003,6,188,0.0,0.0,0.0319148936170212,3.5066666666666677,0.0,0.0,0.0,-21.040000000000003,2026-01-01,2026-01-31
2026-01-19/2026-01-25,Demo Campaign 005,Demo Channel 001,Demo Category 005,Winter,18.477498,2,12,0.0,0.0,0.1666666666666666,9.238749,0.0,0.0,0.0,-18.477498,2026-01-01,2026-01-31
2026-01-19/2026-01-25,Demo Campaign 005,Demo Channel 001,Demo Category 015,Winter,32.48,8,175,0.0,0.0,0.0457142857142857,4.06,0.0,0.0,0.0,-32.48,2026-01-01,2026-01-31
2026-01-19/2026-01-25,Demo Campaign 005,Demo Channel 001,Demo Category 001,Winter,0.0,0,3,0.0,0.0,0.0,0.0,0.0,0.0,0.0,0.0,2026-01-01,2026-01-31
2026-01-19/2026-01-25,Demo Campaign 011,Demo Channel 001,Demo Category 004,Winter,3.25,3,11,0.0,0.0,0.2727272727272727,1.0833333333333333,0.0,0.0,0.0,-3.25,2026-01-01,2026-01-31
2026-01-19/2026-01-25,Demo Campaign 011,Demo Channel 001,Demo Category 003,Winter,0.0,0,1,0.0,0.0,0.0,0.0,0.0,0.0,0.0,0.0,2026-01-01,2026-01-31
2026-01-19/2026-01-25,Demo Campaign 011,Demo Channel 001,Demo Category 005,Winter,0.0,0,3,0.0,0.0,0.0,0.0,0.0,0.0,0.0,0.0,2026-01-01,2026-01-31
2026-01-19/2026-01-25,Demo Campaign 011,Demo Channel 001,Demo Category 015,Winter,0.0,0,1,0.0,0.0,0.0,0.0,0.0,0.0,0.0,0.0,2026-01-01,2026-01-31
2026-01-19/2026-01-25,Demo Campaign 004,Demo Channel 001,Demo Category 004,Winter,231.22,33,551,0.0,0.0,0.0598911070780399,7.006666666666667,0.0,0.0,0.0,-231.22,2026-01-01,2026-01-31
2026-01-19/2026-01-25,Demo Campaign 004,Demo Channel 001,Demo Category 003,Winter,338.543003,46,1097,2.0,1799.8,0.0419325432999088,7.3596305,0.0434782608695652,169.2715015,5.31631132249394,1461.256997,2026-01-01,2026-01-31
2026-01-19/2026-01-25,Demo Campaign 004,Demo Channel 001,Demo Category 005,Winter,373.916441,63,1217,0.0,0.0,0.0517666392769104,5.935181603174604,0.0,0.0,0.0,-373.916441,2026-01-01,2026-01-31
2026-01-19/2026-01-25,Demo Campaign 004,Demo Channel 001,Demo Category 015,Winter,797.508839,96,2393,0.0,0.0,0.0401170079398244,8.307383739583333,0.0,0.0,0.0,-797.508839,2026-01-01,2026-01-31
2026-01-19/2026-01-25,Demo Campaign 004,Demo Channel 001,Demo Category 001,Winter,4.52,1,30,0.0,0.0,0.0333333333333333,4.52,0.0,0.0,0.0,-4.52,2026-01-01,2026-01-31
2026-01-19/2026-01-25,Demo Campaign 016,Demo Channel 001,Demo Category 018,Winter,6.57232,5,37,0.0,0.0,0.1351351351351351,1.314464,0.0,0.0,0.0,-6.57232,2026-01-01,2026-01-31
2026-01-19/2026-01-25,Demo Campaign 016,Demo Channel 001,Demo Category 020,Winter,0.0,0,4,0.0,0.0,0.0,0.0,0.0,0.0,0.0,0.0,2026-01-01,2026-01-31
2026-01-19/2026-01-25,Demo Campaign 016,Demo Channel 001,Demo Category 019,Winter,0.0,0,1,0.0,0.0,0.0,0.0,0.0,0.0,0.0,0.0,2026-01-01,2026-01-31
2026-01-19/2026-01-25,Demo Campaign 016,Demo Channel 001,Demo Category 025,Winter,0.0,0,2,0.0,0.0,0.0,0.0,0.0,0.0,0.0,0.0,2026-01-01,2026-01-31
2026-01-19/2026-01-25,Demo Campaign 016,Demo Channel 001,Demo Category 027,Winter,0.0,0,21,0.0,0.0,0.0,0.0,0.0,0.0,0.0,0.0,2026-01-01,2026-01-31
2026-01-19/2026-01-25,Demo Campaign 016,Demo Channel 001,Demo Category 009,Winter,0.0,0,25,0.0,0.0,0.0,0.0,0.0,0.0,0.0,0.0,2026-01-01,2026-01-31
2026-01-19/2026-01-25,Demo Campaign 017,Demo Channel 002,Demo Category 010,Winter,713.735421,416,98277,1.0,2142.6,0.0042329334432267,1.7157101466346154,0.0024038461538461,713.735421,3.001952736208674,1428.864579,2026-01-01,2026-01-31
2026-01-19/2026-01-25,Demo Campaign 018,Demo Channel 002,Demo Category 011,Winter,832.8605239999999,849,53071,0.0,0.0,0.0159974373951875,0.9809900164899882,0.0,0.0,0.0,-832.8605239999999,2026-01-01,2026-01-31
2026-01-19/2026-01-25,Demo Campaign 019,Demo Channel 002,Demo Category 012,Winter,700.298589,207,19276,0.0,0.0,0.0107387424776924,3.383084971014493,0.0,0.0,0.0,-700.298589,2026-01-01,2026-01-31
2026-01-26/2026-02-01,Demo Campaign 020,Demo Channel 003,Demo Category 010,Winter,256.801382,39,10196,0.0,0.0,0.0038250294233032,6.58465082051282,0.0,0.0,0.0,-256.801382,2026-01-01,2026-01-31
2026-01-26/2026-02-01,Demo Campaign 020,Demo Channel 003,Demo Category 012,Winter,307.845065,52,11158,0.0,0.0,0.0046603333930811,5.920097403846153,0.0,0.0,0.0,-307.845065,2026-01-01,2026-01-31
2026-01-26/2026-02-01,Demo Campaign 007,Demo Channel 001,Demo Category 004,Winter,280.641329,84,264,0.0,0.0,0.3181818181818182,3.340968202380952,0.0,0.0,0.0,-280.641329,2026-01-01,2026-01-31
2026-01-26/2026-02-01,Demo Campaign 007,Demo Channel 001,Demo Category 003,Winter,504.992774,159,390,1.0,1069.8,0.4076923076923077,3.176055182389937,0.0062893081761006,504.992774,2.118446154241407,564.8072259999999,2026-01-01,2026-01-31
2026-01-26/2026-02-01,Demo Campaign 007,Demo Channel 001,Demo Category 014,Winter,2669.421617,835,2927,10.068214,21094.78784176,0.2852750256235053,3.196912116167665,0.0120577413173652,265.1335795007933,7.902381440016637,18425.36622476,2026-01-01,2026-01-31
2026-01-26/2026-02-01,Demo Campaign 007,Demo Channel 001,Demo Category 005,Winter,670.400235,178,524,5.889164,11117.67525376,0.3396946564885496,3.76629345505618,0.0330851910112359,113.83623125455496,16.58363865842022,10447.27501876,2026-01-01,2026-01-31
2026-01-26/2026-02-01,Demo Campaign 007,Demo Channel 001,Demo Category 015,Winter,663.88877,184,751,2.0,3199.8,0.2450066577896138,3.608091141304348,0.0108695652173913,331.944385,4.819783289902614,2535.91123,2026-01-01,2026-01-31
2026-01-26/2026-02-01,Demo Campaign 001,Demo Channel 001,Demo Category 004,Winter,64.226264,20,57,0.0,0.0,0.3508771929824561,3.2113132,0.0,0.0,0.0,-64.226264,2026-01-01,2026-01-31
2026-01-26/2026-02-01,Demo Campaign 001,Demo Channel 001,Demo Category 003,Winter,42.895229,13,49,0.0,0.0039996,0.2653061224489796,3.299633,0.0,0.0,9.32411387755967e-05,-42.8912294,2026-01-01,2026-01-31
2026-01-26/2026-02-01,Demo Campaign 001,Demo Channel 001,Demo Category 005,Winter,28.28,8,18,0.0,0.0,0.4444444444444444,3.535,0.0,0.0,0.0,-28.28,2026-01-01,2026-01-31
2026-01-26/2026-02-01,Demo Campaign 001,Demo Channel 001,Demo Category 001,Winter,1369.110207,533,1582,6.790472,19056.16568448,0.3369152970922882,2.5686870675422138,0.0127400975609756,201.6222446687064,13.918649928288792,17687.05547748,2026-01-01,2026-01-31
2026-01-26/2026-02-01,Demo Campaign 014,Demo Channel 001,Demo Category 023,Winter,283.813901,62,763,0.0,0.0,0.0812581913499344,4.577643564516129,0.0,0.0,0.0,-283.813901,2026-01-01,2026-01-31
2026-01-26/2026-02-01,Demo Campaign 014,Demo Channel 001,Demo Category 007,Winter,571.7394340000001,125,769,0.190442,203.7348516,0.1625487646293888,4.573915472,0.001523536,3002.1709181798137,0.3563421367923347,-368.00458240000006,2026-01-01,2026-01-31
2026-01-26/2026-02-01,Demo Campaign 012,Demo Channel 001,Demo Category 004,Winter,69.59,3,15,0.0,0.0,0.2,23.19666666666667,0.0,0.0,0.0,-69.59,2026-01-01,2026-01-31
2026-01-26/2026-02-01,Demo Campaign 012,Demo Channel 001,Demo Category 003,Winter,65.07667599999999,13,64,0.0,0.0,0.203125,5.005898153846153,0.0,0.0,0.0,-65.07667599999999,2026-01-01,2026-01-31
2026-01-26/2026-02-01,Demo Campaign 012,Demo Channel 001,Demo Category 014,Winter,287.80586,39,140,0.0,0.0,0.2785714285714286,7.379637435897436,0.0,0.0,0.0,-287.80586,2026-01-01,2026-01-31
2026-01-26/2026-02-01,Demo Campaign 012,Demo Channel 001,Demo Category 005,Winter,70.72,15,57,0.0,0.0,0.2631578947368421,4.714666666666667,0.0,0.0,0.0,-70.72,2026-01-01,2026-01-31
2026-01-26/2026-02-01,Demo Campaign 012,Demo Channel 001,Demo Category 015,Winter,116.274315,10,57,0.0,0.0,0.175438596491228,11.6274315,0.0,0.0,0.0,-116.274315,2026-01-01,2026-01-31
2026-01-26/2026-02-01,Demo Campaign 012,Demo Channel 001,Demo Category 001,Winter,3.7,1,5,0.0,0.0,0.2,3.7,0.0,0.0,0.0,-3.7,2026-01-01,2026-01-31
2026-01-26/2026-02-01,Demo Campaign 009,Demo Channel 001,Demo Category 014,Winter,451.910412,46,256,3.0,2799.58,0.1796875,9.824139391304348,0.0652173913043478,150.636804,6.194988930682128,2347.669588,2026-01-01,2026-01-31
2026-01-26/2026-02-01,Demo Campaign 009,Demo Channel 001,Demo Category 005,Winter,330.800594,49,159,3.83685,8225.886315,0.3081761006289308,6.751032530612244,0.0783030612244898,86.21671266794375,24.866600798788166,7895.085720999999,2026-01-01,2026-01-31
2026-01-26/2026-02-01,Demo Campaign 009,Demo Channel 001,Demo Category 015,Winter,324.460494,29,139,2.0,5377.82,0.2086330935251798,11.188292896551724,0.0689655172413793,162.230247,16.57465269099911,5053.359506,2026-01-01,2026-01-31
2026-01-26/2026-02-01,Demo Campaign 006,Demo Channel 001,Demo Category 004,Winter,60.77,6,35,0.0,0.0,0.1714285714285714,10.128333333333334,0.0,0.0,0.0,-60.77,2026-01-01,2026-01-31
2026-01-26/2026-02-01,Demo Campaign 006,Demo Channel 001,Demo Category 003,Winter,467.223758,64,218,0.0,0.0,0.2935779816513761,7.30037121875,0.0,0.0,0.0,-467.223758,2026-01-01,2026-01-31
2026-01-26/2026-02-01,Demo Campaign 006,Demo Channel 001,Demo Category 014,Winter,523.568375,100,389,4.0,7959.48,0.2570694087403599,5.23568375,0.04,130.89209375,15.202369700041569,7435.911625000001,2026-01-01,2026-01-31
2026-01-26/2026-02-01,Demo Campaign 006,Demo Channel 001,Demo Category 005,Winter,173.368672,38,161,0.0,0.0,0.2360248447204969,4.562333473684211,0.0,0.0,0.0,-173.368672,2026-01-01,2026-01-31
2026-01-26/2026-02-01,Demo Campaign 006,Demo Channel 001,Demo Category 015,Winter,154.72,25,222,1.79959,3897.1021245,0.1126126126126126,6.1888,0.0719836,85.97513878161136,25.188095427223374,3742.3821245,2026-01-01,2026-01-31
2026-01-26/2026-02-01,Demo Campaign 006,Demo Channel 001,Demo Category 001,Winter,22.92,2,10,0.0,0.0,0.2,11.46,0.0,0.0,0.0,-22.92,2026-01-01,2026-01-31
2026-01-26/2026-02-01,Demo Campaign 010,Demo Channel 001,Demo Category 003,Winter,16.89,5,9,2.0,3219.66,0.5555555555555556,3.378,0.4,8.445,190.6252220248668,3202.77,2026-01-01,2026-01-31
2026-01-26/2026-02-01,Demo Campaign 010,Demo Channel 001,Demo Category 014,Winter,230.985916,57,158,0.0,0.0,0.360759493670886,4.052384491228071,0.0,0.0,0.0,-230.985916,2026-01-01,2026-01-31
2026-01-26/2026-02-01,Demo Campaign 010,Demo Channel 001,Demo Category 005,Winter,952.68464,222,1355,0.055928,76.6101744,0.1638376383763837,4.291372252252252,0.0002519279279279,17034.126734372763,0.0804150410150414,-876.0744655999999,2026-01-01,2026-01-31
2026-01-26/2026-02-01,Demo Campaign 003,Demo Channel 001,Demo Category 013,Winter,6683.286921,5187,12246,191.93581,404641.591882269,0.4235668789808917,1.2884686564488144,0.0370032407942934,34.82042731369409,60.5452970469991,397958.304961269,2026-01-01,2026-01-31
2026-01-26/2026-02-01,Demo Campaign 003,Demo Channel 001,Demo Category 017,Winter,61.941015,33,414,0.0,0.0,0.0797101449275362,1.8770004545454544,0.0,0.0,0.0,-61.941015,2026-01-01,2026-01-31
2026-01-26/2026-02-01,Demo Campaign 003,Demo Channel 001,Demo Category 031,Winter,15.72,8,93,0.0,0.0,0.086021505376344,1.965,0.0,0.0,0.0,-15.72,2026-01-01,2026-01-31
2026-01-26/2026-02-01,Demo Campaign 003,Demo Channel 001,Demo Category 002,Winter,260.88520900000003,164,489,3.685466,5297.783948,0.3353783231083844,1.5907634695121953,0.0224723536585365,70.78757720190609,20.30695403663149,5036.898739,2026-01-01,2026-01-31
2026-01-26/2026-02-01,Demo Campaign 013,Demo Channel 001,Demo Category 024,Winter,0.0,0,2,0.0,0.0,0.0,0.0,0.0,0.0,0.0,0.0,2026-01-01,2026-01-31
2026-01-26/2026-02-01,Demo Campaign 013,Demo Channel 001,Demo Category 021,Winter,1.77,1,13,0.0,0.0,0.0769230769230769,1.77,0.0,0.0,0.0,-1.77,2026-01-01,2026-01-31
2026-01-26/2026-02-01,Demo Campaign 013,Demo Channel 001,Demo Category 030,Winter,0.0,0,2,0.0,0.0,0.0,0.0,0.0,0.0,0.0,0.0,2026-01-01,2026-01-31
2026-01-26/2026-02-01,Demo Campaign 013,Demo Channel 001,Demo Category 006,Winter,0.0,0,6,0.0,0.0,0.0,0.0,0.0,0.0,0.0,0.0,2026-01-01,2026-01-31
2026-01-26/2026-02-01,Demo Campaign 008,Demo Channel 001,Demo Category 004,Winter,475.968216,76,1196,2.0,3269.7,0.0635451505016722,6.262739684210526,0.0263157894736842,237.984108,6.8695763500309015,2793.731784,2026-01-01,2026-01-31
2026-01-26/2026-02-01,Demo Campaign 008,Demo Channel 001,Demo Category 003,Winter,247.091668,52,1019,0.0,0.0,0.0510304219823356,4.751762846153846,0.0,0.0,0.0,-247.091668,2026-01-01,2026-01-31
2026-01-26/2026-02-01,Demo Campaign 008,Demo Channel 001,Demo Category 005,Winter,431.206221,87,1361,3.0,9599.49,0.0639235855988244,4.956393344827586,0.0344827586206896,143.735407,22.26194691193938,9168.283779,2026-01-01,2026-01-31
2026-01-26/2026-02-01,Demo Campaign 008,Demo Channel 001,Demo Category 015,Winter,936.688089,150,2446,0.0,0.0,0.0613246116107931,6.24458726,0.0,0.0,0.0,-936.688089,2026-01-01,2026-01-31
2026-01-26/2026-02-01,Demo Campaign 008,Demo Channel 001,Demo Category 001,Winter,391.793662,78,599,2.0,5599.68,0.1302170283806344,5.022995666666667,0.0256410256410256,195.896831,14.29242109587776,5207.886338,2026-01-01,2026-01-31
2026-01-26/2026-02-01,Demo Campaign 002,Demo Channel 001,Demo Category 023,Winter,73.94,15,172,0.0,0.0,0.0872093023255814,4.929333333333333,0.0,0.0,0.0,-73.94,2026-01-01,2026-01-31
2026-01-26/2026-02-01,Demo Campaign 002,Demo Channel 001,Demo Category 004,Winter,294.43451400000004,67,847,0.108696,195.6419304,0.0791027154663518,4.394544985074627,0.0016223283582089,2708.788860675646,0.6644667017535858,-98.79258360000004,2026-01-01,2026-01-31
2026-01-26/2026-02-01,Demo Campaign 002,Demo Channel 001,Demo Category 003,Winter,20.270000000000003,4,61,0.0,0.0,0.0655737704918032,5.067500000000001,0.0,0.0,0.0,-20.270000000000003,2026-01-01,2026-01-31
2026-01-26/2026-02-01,Demo Campaign 002,Demo Channel 001,Demo Category 005,Winter,34.87,7,107,0.0,0.0,0.0654205607476635,4.981428571428571,0.0,0.0,0.0,-34.87,2026-01-01,2026-01-31
2026-01-26/2026-02-01,Demo Campaign 002,Demo Channel 001,Demo Category 001,Winter,834.382493,185,1096,2.163042,2995.4344958,0.1687956204379562,4.510175637837838,0.0116921189189189,385.7449337553316,3.5900016130851395,2161.0520028,2026-01-01,2026-01-31
2026-01-26/2026-02-01,Demo Campaign 015,Demo Channel 001,Demo Category 016,Winter,712.253095,111,598,2.0,6399.68,0.1856187290969899,6.4166945495495495,0.018018018018018,356.1265475,8.985120661357042,5687.426905,2026-01-01,2026-01-31
2026-01-26/2026-02-01,Demo Campaign 015,Demo Channel 001,Demo Category 008,Winter,113.87,18,206,0.0,0.0,0.087378640776699,6.326111111111112,0.0,0.0,0.0,-113.87,2026-01-01,2026-01-31
2026-01-26/2026-02-01,Demo Campaign 005,Demo Channel 001,Demo Category 004,Winter,37.91,8,198,0.0,0.0,0.0404040404040404,4.73875,0.0,0.0,0.0,-37.91,2026-01-01,2026-01-31
2026-01-26/2026-02-01,Demo Campaign 005,Demo Channel 001,Demo Category 003,Winter,0.0,0,26,0.0,0.0,0.0,0.0,0.0,0.0,0.0,0.0,2026-01-01,2026-01-31
2026-01-26/2026-02-01,Demo Campaign 005,Demo Channel 001,Demo Category 014,Winter,29.6,4,111,0.0,0.0,0.036036036036036,7.4,0.0,0.0,0.0,-29.6,2026-01-01,2026-01-31
2026-01-26/2026-02-01,Demo Campaign 005,Demo Channel 001,Demo Category 005,Winter,13.23,3,19,0.0,0.0,0.1578947368421052,4.41,0.0,0.0,0.0,-13.23,2026-01-01,2026-01-31
2026-01-26/2026-02-01,Demo Campaign 005,Demo Channel 001,Demo Category 015,Winter,41.31,10,129,0.0,0.0,0.0775193798449612,4.131,0.0,0.0,0.0,-41.31,2026-01-01,2026-01-31
2026-01-26/2026-02-01,Demo Campaign 005,Demo Channel 001,Demo Category 001,Winter,29.302606,5,33,2.0,4879.68,0.1515151515151515,5.8605212,0.4,14.651303,166.52716826619448,4850.377394,2026-01-01,2026-01-31
2026-01-26/2026-02-01,Demo Campaign 011,Demo Channel 001,Demo Category 004,Winter,0.0,0,2,0.0,0.0,0.0,0.0,0.0,0.0,0.0,0.0,2026-01-01,2026-01-31
2026-01-26/2026-02-01,Demo Campaign 011,Demo Channel 001,Demo Category 005,Winter,0.0,0,1,0.0,0.0,0.0,0.0,0.0,0.0,0.0,0.0,2026-01-01,2026-01-31
2026-01-26/2026-02-01,Demo Campaign 004,Demo Channel 001,Demo Category 004,Winter,176.583373,27,518,0.0,0.0,0.0521235521235521,6.540124925925926,0.0,0.0,0.0,-176.583373,2026-01-01,2026-01-31
2026-01-26/2026-02-01,Demo Campaign 004,Demo Channel 001,Demo Category 003,Winter,385.748234,64,1276,0.117886,330.06193824,0.0501567398119122,6.02731615625,0.00184196875,3272.2141221179786,0.855640827742584,-55.68629576000001,2026-01-01,2026-01-31
2026-01-26/2026-02-01,Demo Campaign 004,Demo Channel 001,Demo Category 005,Winter,286.171157,52,1088,0.0,0.0,0.0477941176470588,5.503291480769231,0.0,0.0,0.0,-286.171157,2026-01-01,2026-01-31
2026-01-26/2026-02-01,Demo Campaign 004,Demo Channel 001,Demo Category 015,Winter,402.202378,53,1318,2.0,3999.8,0.0402124430955993,7.588724113207547,0.0377358490566037,201.101189,9.944744782190224,3597.597622,2026-01-01,2026-01-31
2026-01-26/2026-02-01,Demo Campaign 004,Demo Channel 001,Demo Category 001,Winter,251.564667,43,424,0.0,0.0,0.1014150943396226,5.850341093023256,0.0,0.0,0.0,-251.564667,2026-01-01,2026-01-31
2026-01-26/2026-02-01,Demo Campaign 016,Demo Channel 001,Demo Category 018,Winter,5.140000000000001,4,97,0.0,0.0,0.0412371134020618,1.285,0.0,0.0,0.0,-5.140000000000001,2026-01-01,2026-01-31
2026-01-26/2026-02-01,Demo Campaign 016,Demo Channel 001,Demo Category 020,Winter,0.0,0,26,0.0,0.0,0.0,0.0,0.0,0.0,0.0,0.0,2026-01-01,2026-01-31
2026-01-26/2026-02-01,Demo Campaign 016,Demo Channel 001,Demo Category 019,Winter,0.0,0,27,0.0,0.0,0.0,0.0,0.0,0.0,0.0,0.0,2026-01-01,2026-01-31
2026-01-26/2026-02-01,Demo Campaign 016,Demo Channel 001,Demo Category 028,Winter,0.0,0,11,0.0,0.0,0.0,0.0,0.0,0.0,0.0,0.0,2026-01-01,2026-01-31
2026-01-26/2026-02-01,Demo Campaign 016,Demo Channel 001,Demo Category 025,Winter,0.0,0,3,0.0,0.0,0.0,0.0,0.0,0.0,0.0,0.0,2026-01-01,2026-01-31
2026-01-26/2026-02-01,Demo Campaign 016,Demo Channel 001,Demo Category 026,Winter,0.0,0,7,0.0,0.0,0.0,0.0,0.0,0.0,0.0,0.0,2026-01-01,2026-01-31
2026-01-26/2026-02-01,Demo Campaign 016,Demo Channel 001,Demo Category 027,Winter,0.0,0,24,0.0,0.0,0.0,0.0,0.0,0.0,0.0,0.0,2026-01-01,2026-01-31
2026-01-26/2026-02-01,Demo Campaign 016,Demo Channel 001,Demo Category 009,Winter,0.0,0,61,0.0,0.0,0.0,0.0,0.0,0.0,0.0,0.0,2026-01-01,2026-01-31
2026-01-26/2026-02-01,Demo Campaign 016,Demo Channel 001,Demo Category 022,Winter,0.0,0,9,0.0,0.0,0.0,0.0,0.0,0.0,0.0,0.0,2026-01-01,2026-01-31
2026-01-26/2026-02-01,Demo Campaign 017,Demo Channel 002,Demo Category 010,Winter,539.176417,385,63622,0.0,0.0,0.0060513658797271,1.400458225974026,0.0,0.0,0.0,-539.176417,2026-01-01,2026-01-31
2026-01-26/2026-02-01,Demo Campaign 018,Demo Channel 002,Demo Category 011,Winter,514.657113,547,40989,0.0,0.0,0.0133450437922369,0.9408722358318098,0.0,0.0,0.0,-514.657113,2026-01-01,2026-01-31
2026-01-26/2026-02-01,Demo Campaign 019,Demo Channel 002,Demo Category 012,Winter,549.004957,257,13696,0.0,0.0,0.0187646028037383,2.1362060583657585,0.0,0.0,0.0,-549.004957,2026-01-01,2026-01-31
