Month,Campaign,Channel,Category,Season,Spend,Clicks,Impressions,Conversions,ConversionValue,CTR,CPC,ConvRate,CPA,ROAS,Profit,AnalysisStartDate,AnalysisEndDate
2026-01,Demo Campaign 020,Demo Channel 003,Demo Category 010,Winter,2163.175318,257,93419,0.0,0.0,0.0027510463610186,8.417024583657588,0.0,0.0,0.0,-2163.175318,2026-01-01,2026-01-31
2026-01,Demo Campaign 020,Demo Channel 003,Demo Category 012,Winter,3194.860116,395,135934,0.0,0.0,0.0029058219430017,8.088253458227848,0.0,0.0,0.0,-3194.860116,2026-01-01,2026-01-31
2026-01,Demo Campaign 007,Demo Channel 001,Demo Category 004,Winter,1898.089474,506,1802,3.20331,5236.622905913,0.2807991120976693,3.751164968379447,0.006330652173913,592.5400520087035,2.7588914946551144,3338.533431913,2026-01-01,2026-01-31
2026-01,Demo Campaign 007,Demo Channel 001,Demo Category 003,Winter,3051.386993,770,2248,12.872802,23186.36333277,0.342526690391459,3.9628402506493514,0.0167179246753246,237.04139883453504,7.598630847532751,20134.97633977,2026-01-01,2026-01-31
2026-01,Demo Campaign 007,Demo Channel 001,Demo Category 014,Winter,20656.239829,5461,21983,104.057497,216648.882041167,0.2484192330437156,3.782501342061893,0.019054659769273,198.5079444011612,10.488302025667142,195992.642212167,2026-01-01,2026-01-31
2026-01,Demo Campaign 007,Demo Channel 001,Demo Category 005,Winter,3964.599321,915,2983,10.446126,23706.96216976,0.3067381830372108,4.332895432786885,0.0114165311475409,379.52819265247234,5.979661562314029,19742.36284876,2026-01-01,2026-01-31
2026-01,Demo Campaign 007,Demo Channel 001,Demo Category 015,Winter,6976.428586,1360,6304,13.148716,29605.308805021,0.215736040609137,5.129726901470589,0.0096681735294117,530.5786957448925,4.243619559789041,22628.880219021,2026-01-01,2026-01-31
2026-01,Demo Campaign 001,Demo Channel 001,Demo Category 004,Winter,260.291004,85,242,0.0,0.0,0.3512396694214876,3.062247105882353,0.0,0.0,0.0,-260.291004,2026-01-01,2026-01-31
2026-01,Demo Campaign 001,Demo Channel 001,Demo Category 003,Winter,377.945101,132,363,4.0,7065.0439996,0.3636363636363636,2.8632204621212125,0.0303030303030303,94.48627525,18.693307522459456,6687.098898599999,2026-01-01,2026-01-31
2026-01,Demo Campaign 001,Demo Channel 001,Demo Category 005,Winter,81.02,27,108,0.0,0.0,0.25,3.0007407407407407,0.0,0.0,0.0,-81.02,2026-01-01,2026-01-31
2026-01,Demo Campaign 001,Demo Channel 001,Demo Category 001,Winter,5571.631681,2122,5712,28.892142,58455.01962812,0.3714985994397759,2.625651122054665,0.0136155240339302,192.84245802889933,10.4915441247596,52883.38794712,2026-01-01,2026-01-31
2026-01,Demo Campaign 014,Demo Channel 001,Demo Category 023,Winter,1738.240841,369,3599,0.0,0.0,0.1025284801333703,4.71067978590786,0.0,0.0,0.0,-1738.240841,2026-01-01,2026-01-31
2026-01,Demo Campaign 014,Demo Channel 001,Demo Category 007,Winter,2185.072182,511,3323,2.018441,3883.04250738,0.1537767077941619,4.276070806262231,0.0039499823874755,1082.554398171658,1.777077452803342,1697.9703253800003,2026-01-01,2026-01-31
2026-01,Demo Campaign 012,Demo Channel 001,Demo Category 004,Winter,125.659728,13,56,0.0,0.0,0.2321428571428571,9.666132923076924,0.0,0.0,0.0,-125.659728,2026-01-01,2026-01-31
2026-01,Demo Campaign 012,Demo Channel 001,Demo Category 003,Winter,442.934666,70,287,0.0,0.0,0.2439024390243902,6.327638085714286,0.0,0.0,0.0,-442.934666,2026-01-01,2026-01-31
2026-01,Demo Campaign 012,Demo Channel 001,Demo Category 014,Winter,1481.858471,177,826,0.0,0.0,0.2142857142857142,8.372081757062148,0.0,0.0,0.0,-1481.858471,2026-01-01,2026-01-31
2026-01,Demo Campaign 012,Demo Channel 001,Demo Category 005,Winter,318.836688,62,280,0.0,0.0,0.2214285714285714,5.142527225806451,0.0,0.0,0.0,-318.836688,2026-01-01,2026-01-31
2026-01,Demo Campaign 012,Demo Channel 001,Demo Category 015,Winter,585.684104,50,327,3.0,7019.58,0.1529051987767584,11.713682080000002,0.06,195.22803466666667,11.985266378341043,6433.895896,2026-01-01,2026-01-31
2026-01,Demo Campaign 012,Demo Channel 001,Demo Category 001,Winter,6.62,2,15,0.0,0.0,0.1333333333333333,3.31,0.0,0.0,0.0,-6.62,2026-01-01,2026-01-31
2026-01,Demo Campaign 009,Demo Channel 001,Demo Category 014,Winter,3015.719955,277,1611,5.0,4799.38,0.1719428926132837,10.887075649819495,0.0180505415162454,603.143991,1.591454137524517,1783.660045,2026-01-01,2026-01-31
2026-01,Demo Campaign 009,Demo Channel 001,Demo Category 005,Winter,1553.542997,210,779,3.83685,8225.886315,0.269576379974326,7.397823795238096,0.0182707142857142,404.9006338532911,5.2949202763520296,6672.343317999999,2026-01-01,2026-01-31
2026-01,Demo Campaign 009,Demo Channel 001,Demo Category 015,Winter,1786.148202,145,944,2.853164,7403.10925148,0.1536016949152542,12.318263462068966,0.0196769931034482,626.0236712646031,4.1447340389731,5616.96104948,2026-01-01,2026-01-31
2026-01,Demo Campaign 006,Demo Channel 001,Demo Category 004,Winter,354.131149,29,159,0.0,0.0,0.1823899371069182,12.211418931034483,0.0,0.0,0.0,-354.131149,2026-01-01,2026-01-31
2026-01,Demo Campaign 006,Demo Channel 001,Demo Category 003,Winter,1997.725924,265,1009,2.37498,3369.548594032,0.2626362735381566,7.53858839245283,0.0089621886792452,841.1548408828706,1.6866921300621815,1371.822670032,2026-01-01,2026-01-31
2026-01,Demo Campaign 006,Demo Channel 001,Demo Category 014,Winter,2178.729628,355,1694,6.973698,13168.8018338,0.2095631641086186,6.137266557746479,0.0196442197183098,312.4209892656665,6.044257013151519,10990.0722058,2026-01-01,2026-01-31
2026-01,Demo Campaign 006,Demo Channel 001,Demo Category 005,Winter,776.970694,145,614,3.0,6719.64,0.2361563517915309,5.358418579310345,0.0206896551724137,258.9902313333333,8.648511522881197,5942.669306000001,2026-01-01,2026-01-31
2026-01,Demo Campaign 006,Demo Channel 001,Demo Category 015,Winter,1516.37691,156,972,1.96943,4044.8187661,0.1604938271604938,9.720364807692308,0.0126245512820512,769.9572515905617,2.667423078936226,2528.4418561,2026-01-01,2026-01-31
2026-01,Demo Campaign 006,Demo Channel 001,Demo Category 001,Winter,166.023228,10,46,0.0,0.0,0.217391304347826,16.6023228,0.0,0.0,0.0,-166.023228,2026-01-01,2026-01-31
2026-01,Demo Campaign 010,Demo Channel 001,Demo Category 003,Winter,40.85,11,37,3.0,4519.56,0.2972972972972973,3.713636363636364,0.2727272727272727,13.616666666666667,110.6379436964504,4478.709999999999,2026-01-01,2026-01-31
2026-01,Demo Campaign 010,Demo Channel 001,Demo Category 014,Winter,849.578274,207,670,1.952462,3997.3739008,0.308955223880597,4.104242869565217,0.0094321835748792,435.1317843829995,4.705127265059982,3147.7956268000003,2026-01-01,2026-01-31
2026-01,Demo Campaign 010,Demo Channel 001,Demo Category 005,Winter,5879.719799,1212,8322,10.079644,24815.7660912,0.1456380677721701,4.851253959570958,0.0083165379537953,583.3261372127826,4.220569506632028,18936.0462922,2026-01-01,2026-01-31
2026-01,Demo Campaign 010,Demo Channel 001,Demo Category 001,Winter,31.848058,6,15,0.0,0.0,0.4,5.308009666666667,0.0,0.0,0.0,-31.848058,2026-01-01,2026-01-31
2026-01,Demo Campaign 003,Demo Channel 001,Demo Category 013,Winter,40518.355176,32657,76795,1019.27529,2251397.067433103,0.4252490396510189,1.240724964816119,0.0312115408641332,39.75212150585932,55.56486825917997,2210878.712257103,2026-01-01,2026-01-31
2026-01,Demo Campaign 003,Demo Channel 001,Demo Category 017,Winter,493.702258,269,3181,2.0,6519.66,0.0845646023263124,1.8353243791821563,0.0074349442379182,246.851129,13.205651573098535,6025.957742,2026-01-01,2026-01-31
2026-01,Demo Campaign 003,Demo Channel 001,Demo Category 031,Winter,157.951725,83,1210,0.0,0.0,0.068595041322314,1.903032831325301,0.0,0.0,0.0,-157.951725,2026-01-01,2026-01-31
2026-01,Demo Campaign 003,Demo Channel 001,Demo Category 002,Winter,1682.851533,1053,3280,31.854378,69063.67756968,0.3210365853658536,1.598149603988604,0.0302510712250712,52.82952104731098,41.03967356321742,67380.82603668001,2026-01-01,2026-01-31
2026-01,Demo Campaign 013,Demo Channel 001,Demo Category 024,Winter,0.0,0,14,0.0,0.0,0.0,0.0,0.0,0.0,0.0,0.0,2026-01-01,2026-01-31
2026-01,Demo Campaign 013,Demo Channel 001,Demo Category 021,Winter,10.38,6,70,0.0,0.0,0.0857142857142857,1.7299999999999998,0.0,0.0,0.0,-10.38,2026-01-01,2026-01-31
2026-01,Demo Campaign 013,Demo Channel 001,Demo Category 030,Winter,0.0,0,10,0.0,0.0,0.0,0.0,0.0,0.0,0.0,0.0,2026-01-01,2026-01-31
2026-01,Demo Campaign 013,Demo Channel 001,Demo Category 006,Winter,11.640858,6,50,1.0,2431.75,0.12,1.940143,0.1666666666666666,11.640858,208.89783210137944,2420.109142,2026-01-01,2026-01-31
2026-01,Demo Campaign 013,Demo Channel 001,Demo Category 032,Winter,0.0,0,3,0.0,0.0,0.0,0.0,0.0,0.0,0.0,0.0,2026-01-01,2026-01-31
2026-01,Demo Campaign 008,Demo Channel 001,Demo Category 004,Winter,3147.679677,586,7614,14.63643,27360.77816984,0.076963488311006,5.37146702559727,0.0249768430034129,215.05788481207503,8.6923642102989,24213.09849284,2026-01-01,2026-01-31
2026-01,Demo Campaign 008,Demo Channel 001,Demo Category 003,Winter,1524.864896,294,4916,5.0,9458.96,0.0598047192839707,5.186615292517007,0.0170068027210884,304.9729792,6.203146275327464,7934.095104000001,2026-01-01,2026-01-31
2026-01,Demo Campaign 008,Demo Channel 001,Demo Category 005,Winter,2084.198391,414,7259,6.0,15508.67,0.0570326491252238,5.034295630434783,0.0144927536231884,347.3663985,7.441071860994446,13424.471609,2026-01-01,2026-01-31
2026-01,Demo Campaign 008,Demo Channel 001,Demo Category 015,Winter,5562.941858,1027,17375,7.0,22377.94,0.0591079136690647,5.416691195715677,0.0068159688412852,794.7059797142857,4.022680907192757,16814.998141999997,2026-01-01,2026-01-31
2026-01,Demo Campaign 008,Demo Channel 001,Demo Category 001,Winter,1748.030635,360,2203,6.0,10941.72,0.1634135270086246,4.855640652777778,0.0166666666666666,291.33843916666666,6.259455515778189,9193.689365000002,2026-01-01,2026-01-31
2026-01,Demo Campaign 002,Demo Channel 001,Demo Category 023,Winter,73.94,15,183,0.0,0.0,0.081967213114754,4.929333333333333,0.0,0.0,0.0,-73.94,2026-01-01,2026-01-31
2026-01,Demo Campaign 002,Demo Channel 001,Demo Category 004,Winter,1583.629268,273,2425,6.108696,7728.8419304,0.1125773195876288,5.80083980952381,0.0223761758241758,259.24178711790535,4.880461662697686,6145.2126624,2026-01-01,2026-01-31
2026-01,Demo Campaign 002,Demo Channel 001,Demo Category 003,Winter,91.929841,18,129,0.0,0.0,0.1395348837209302,5.107213388888889,0.0,0.0,0.0,-91.929841,2026-01-01,2026-01-31
2026-01,Demo Campaign 002,Demo Channel 001,Demo Category 005,Winter,83.165458,17,174,0.0,0.0,0.0977011494252873,4.892085764705882,0.0,0.0,0.0,-83.165458,2026-01-01,2026-01-31
2026-01,Demo Campaign 002,Demo Channel 001,Demo Category 001,Winter,5115.993324,954,5659,14.111046,27384.543303901,0.1685810213818696,5.3626764402515725,0.0147914528301886,362.5523808794897,5.3527324157041845,22268.549979901,2026-01-01,2026-01-31
2026-01,Demo Campaign 015,Demo Channel 001,Demo Category 016,Winter,4337.583644,521,3414,7.127198,14321.7466284,0.1526069127123608,8.325496437619963,0.0136798426103646,608.5959228297012,3.301779931831557,9984.1629844,2026-01-01,2026-01-31
2026-01,Demo Campaign 015,Demo Channel 001,Demo Category 008,Winter,692.070735,80,1397,0.0,0.0,0.0572655690765927,8.6508841875,0.0,0.0,0.0,-692.070735,2026-01-01,2026-01-31
2026-01,Demo Campaign 005,Demo Channel 001,Demo Category 004,Winter,313.200334,74,1511,0.0,0.0,0.0489741892786234,4.232436945945946,0.0,0.0,0.0,-313.200334,2026-01-01,2026-01-31
2026-01,Demo Campaign 005,Demo Channel 001,Demo Category 003,Winter,57.606362,9,153,0.0,0.0,0.0588235294117647,6.400706888888889,0.0,0.0,0.0,-57.606362,2026-01-01,2026-01-31
2026-01,Demo Campaign 005,Demo Channel 001,Demo Category 014,Winter,143.8,31,1012,0.0,0.0,0.0306324110671936,4.638709677419355,0.0,0.0,0.0,-143.8,2026-01-01,2026-01-31
2026-01,Demo Campaign 005,Demo Channel 001,Demo Category 005,Winter,45.697498,8,77,0.0,0.0,0.1038961038961039,5.71218725,0.0,0.0,0.0,-45.697498,2026-01-01,2026-01-31
2026-01,Demo Campaign 005,Demo Channel 001,Demo Category 015,Winter,192.809316,41,874,1.0,1829.82,0.0469107551487414,4.702666243902439,0.024390243902439,192.809316,9.49030906784608,1637.010684,2026-01-01,2026-01-31
2026-01,Demo Campaign 005,Demo Channel 001,Demo Category 001,Winter,31.842606,6,42,2.0,4879.68,0.1428571428571428,5.307101,0.3333333333333333,15.921303,153.2437389075505,4847.837394,2026-01-01,2026-01-31
2026-01,Demo Campaign 011,Demo Channel 001,Demo Category 004,Winter,10.8,7,43,0.0,0.0,0.1627906976744186,1.542857142857143,0.0,0.0,0.0,-10.8,2026-01-01,2026-01-31
2026-01,Demo Campaign 011,Demo Channel 001,Demo Category 003,Winter,5.85,3,19,0.0,0.0,0.1578947368421052,1.95,0.0,0.0,0.0,-5.85,2026-01-01,2026-01-31
2026-01,Demo Campaign 011,Demo Channel 001,Demo Category 005,Winter,0.0,0,29,0.0,0.0,0.0,0.0,0.0,0.0,0.0,0.0,2026-01-01,2026-01-31
2026-01,Demo Campaign 011,Demo Channel 001,Demo Category 029,Winter,0.0,0,6,0.0,0.0,0.0,0.0,0.0,0.0,0.0,0.0,2026-01-01,2026-01-31
2026-01,Demo Campaign 011,Demo Channel 001,Demo Category 015,Winter,0.0,0,15,0.0,0.0,0.0,0.0,0.0,0.0,0.0,0.0,2026-01-01,2026-01-31
2026-01,Demo Campaign 011,Demo Channel 001,Demo Category 001,Winter,0.0,0,2,0.0,0.0,0.0,0.0,0.0,0.0,0.0,0.0,2026-01-01,2026-01-31
2026-01,Demo Campaign 004,Demo Channel 001,Demo Category 004,Winter,803.252056,102,2119,1.0,2733.03,0.048135913166588,7.875020156862745,0.0098039215686274,803.252056,3.4024562770618045,1929.777944,2026-01-01,2026-01-31
2026-01,Demo Campaign 004,Demo Channel 001,Demo Category 003,Winter,1373.602678,200,4782,2.117886,2129.86193824,0.041823504809703,6.86801339,0.01058943,648.5725284552615,1.5505662389513777,756.2592602400002,2026-01-01,2026-01-31
2026-01,Demo Campaign 004,Demo Channel 001,Demo Category 005,Winter,1483.840094,244,4779,2.0,7039.68,0.051056706423938,6.081311860655737,0.0081967213114754,741.920047,4.744230883412159,5555.839906,2026-01-01,2026-01-31
2026-01,Demo Campaign 004,Demo Channel 001,Demo Category 015,Winter,2552.403786,315,8511,6.0,11879.0,0.0370109270356009,8.102869161904762,0.019047619047619,425.400631,4.654044185781505,9326.596214,2026-01-01,2026-01-31
2026-01,Demo Campaign 004,Demo Channel 001,Demo Category 001,Winter,256.084667,44,508,0.0,0.0,0.0866141732283464,5.820106068181818,0.0,0.0,0.0,-256.084667,2026-01-01,2026-01-31
2026-01,Demo Campaign 016,Demo Channel 001,Demo Category 018,Winter,36.459082,26,311,0.0,0.0,0.0836012861736334,1.4022723846153846,0.0,0.0,0.0,-36.459082,2026-01-01,2026-01-31
2026-01,Demo Campaign 016,Demo Channel 001,Demo Category 020,Winter,0.0,0,31,0.0,0.0,0.0,0.0,0.0,0.0,0.0,0.0,2026-01-01,2026-01-31
2026-01,Demo Campaign 016,Demo Channel 001,Demo Category 019,Winter,0.0,0,32,0.0,0.0,0.0,0.0,0.0,0.0,0.0,0.0,2026-01-01,2026-01-31
2026-01,Demo Campaign 016,Demo Channel 001,Demo Category 028,Winter,0.0,0,12,0.0,0.0,0.0,0.0,0.0,0.0,0.0,0.0,2026-01-01,2026-01-31
2026-01,Demo Campaign 016,Demo Channel 001,Demo Category 025,Winter,0.0,0,5,0.0,0.0,0.0,0.0,0.0,0.0,0.0,0.0,2026-01-01,2026-01-31
2026-01,Demo Campaign 016,Demo Channel 001,Demo Category 026,Winter,0.0,0,8,0.0,0.0,0.0,0.0,0.0,0.0,0.0,0.0,2026-01-01,2026-01-31
2026-01,Demo Campaign 016,Demo Channel 001,Demo Category 027,Winter,0.0,0,79,0.0,0.0,0.0,0.0,0.0,0.0,0.0,0.0,2026-01-01,2026-01-31
2026-01,Demo Campaign 016,Demo Channel 001,Demo Category 009,Winter,0.0,0,188,0.0,0.0,0.0,0.0,0.0,0.0,0.0,0.0,2026-01-01,2026-01-31
2026-01,Demo Campaign 016,Demo Channel 001,Demo Category 022,Winter,0.0,0,10,0.0,0.0,0.0,0.0,0.0,0.0,0.0,0.0,2026-01-01,2026-01-31
2026-01,Demo Campaign 017,Demo Channel 002,Demo Category 010,Winter,3562.737327,2233,494942,1.0,2142.6,0.0045116397476876,1.5954936529332735,0.0004478280340349,3562.737327,0.6013915153840922,-1420.137327,2026-01-01,2026-01-31
2026-01,Demo Campaign 018,Demo Channel 002,Demo Category 011,Winter,3533.02817,3838,255137,0.0,0.0,0.0150428985211866,0.920538866597186,0.0,0.0,0.0,-3533.02817,2026-01-01,2026-01-31
2026-01,Demo Campaign 019,Demo Channel 002,Demo Category 012,Winter,3606.477137,1502,82859,0.0,0.0,0.0181271799080365,2.40111660252996,0.0,0.0,0.0,-3606.477137,2026-01-01,2026-01-31
